date,Appliances,lights,T1,RH_1,T2,RH_2,T3,RH_3,T4,RH_4,T5,RH_5,T6,RH_6,T7,RH_7,T8,RH_8,T9,RH_9,T_out,Press_mm_hg,RH_out,Windspeed,Visibility,Tdewpoint,rv1,rv2,is_anomaly,Appliances_Original
2016-01-12 00:00:00,40,10,21.39,44.56,20.79,43.863333333333294,20.2,45.6633333333333,20.6333333333333,46.79,19.2,50.53,5.59,88.6333333333333,17.7,43.76,19.39,51.1633333333333,16.89,45.7,5.3,736.9,92.0,6.0,22.0,4.1,39.14663811447098,39.14663811447098,0,40
2016-01-12 00:10:00,30,20,21.29,44.8266666666667,20.7,44.0,20.2,45.59,20.566666666666695,46.933333333333294,19.2,50.5,5.53,89.0266666666667,17.7,43.933333333333294,19.463333333333296,51.5,16.89,45.79,5.26666666666667,737.0,92.0,6.0,25.0,4.06666666666667,27.65181558206677,27.65181558206677,0,30
2016-01-12 00:20:00,40,20,21.29,44.9666666666667,20.6333333333333,44.0,20.1666666666667,45.5,20.5,47.1333333333333,19.2,50.433333333333294,5.53,89.4,17.76,44.33333333333329,19.39,51.56,16.89,45.863333333333294,5.23333333333333,737.1,92.0,6.0,28.0,4.03333333333333,26.48597900988534,26.48597900988534,0,40
2016-01-12 00:30:00,50,20,21.26,45.09,20.6,44.03,20.1,45.5,20.5,47.23,19.1666666666667,50.363333333333294,5.53,89.19333333333331,17.79,44.963333333333296,19.39,51.86,16.89,45.9,5.2,737.2,92.0,6.0,31.0,4.0,39.467811584472656,39.467811584472656,0,50
2016-01-12 00:40:00,310,10,21.2,45.09,20.6,44.09,20.1,45.5,20.4266666666667,47.23,19.1,50.29,5.4,89.4,17.79,45.223333333333294,19.39,52.0,16.89,45.9666666666667,5.16666666666667,737.2999999999998,92.0,6.0,34.0,3.9666666666666694,1.1665601166896522,1.1665601166896522,0,310
2016-01-12 00:50:00,380,20,21.1666666666667,45.23,20.5,44.1266666666667,20.1,45.5,20.46,47.36,19.066666666666695,50.26,5.2,88.98999999999998,17.79,45.3266666666667,19.3566666666667,52.09,16.89,46.03,5.133333333333329,737.4,92.0,6.0,37.0,3.9333333333333296,23.861503251828253,23.861503251828253,0,380
2016-01-12 01:00:00,380,20,21.075,45.3725,20.5,44.2,20.1,45.53,20.7933333333333,47.56,19.0,50.1266666666667,4.86666666666667,89.06333333333329,17.79,45.425,19.29,52.1633333333333,16.89,46.09,5.1,737.5,92.0,6.0,40.0,3.9,36.615686933510005,36.615686933510005,0,380
2016-01-12 01:10:00,370,20,21.0,45.4,20.39,44.2,20.1,45.59,21.2633333333333,47.4666666666667,19.0,50.09,4.93333333333333,91.16,17.79,45.56,19.29,52.5,16.89,46.2,5.11666666666667,737.6333333333331,92.0,5.8333333333333295,40.0,3.9166666666666705,34.636577824130654,34.636577824130654,0,370
2016-01-12 01:20:00,120,10,21.0,45.59,20.39,44.26,20.1,45.59,21.5966666666667,47.4,19.0,50.03,5.0,91.43333333333328,17.79,45.73,19.23,52.9,16.89,46.2,5.133333333333329,737.766666666667,92.0,5.66666666666667,40.0,3.9333333333333296,23.880981106776744,23.880981106776744,0,120
2016-01-12 01:30:00,50,0,20.9266666666667,45.59,20.29,44.29,20.1666666666667,45.53,21.89,46.9666666666667,19.0,50.03,4.86666666666667,91.26,17.79,45.863333333333294,19.29,53.5,16.89,46.29,5.15,737.9,92.0,5.5,40.0,3.95,43.06047384161502,43.06047384161502,0,50
2016-01-12 01:40:00,40,0,20.89,45.66666666666671,20.23,44.29,20.1333333333333,45.5,21.823333333333295,46.2266666666667,18.9266666666667,50.09,4.72666666666667,91.59333333333329,17.79,45.8266666666667,19.29,53.96,16.89,46.433333333333294,5.16666666666667,738.033333333333,92.0,5.3333333333333295,40.0,3.9666666666666694,21.90485536120832,21.90485536120832,0,40
2016-01-12 01:50:00,50,0,20.89,46.06,20.2,44.4,20.2,45.5,21.6666666666667,46.06,18.89,50.09,4.46666666666667,91.76,17.79,45.9666666666667,19.29,54.463333333333296,16.89,46.6333333333333,5.18333333333333,738.1666666666669,92.0,5.16666666666667,40.0,3.9833333333333294,12.239863851573318,12.239863851573318,0,50
2016-01-12 02:00:00,40,0,20.79,46.2,20.2,44.4666666666667,20.1666666666667,45.5,21.533333333333296,45.933333333333294,18.89,50.1725,4.3333333333333295,91.76,17.79,46.0,19.2225,54.7225,16.89,46.8266666666667,5.2,738.2999999999998,92.0,5.0,40.0,4.0,3.533952357247472,3.533952357247472,0,40
2016-01-12 02:10:00,50,0,20.79,46.2,20.1,44.53,20.125,45.425,21.3566666666667,45.9,18.89,50.2,4.15666666666667,91.8333333333333,17.79,46.0,19.2,54.9666666666667,16.9633333333333,46.9666666666667,5.133333333333329,738.4,92.0,4.8333333333333295,40.0,3.9333333333333296,4.973308008629829,4.973308008629829,0,50
2016-01-12 02:20:00,50,0,20.7,46.26,20.1,44.59,20.1333333333333,45.4,21.23,45.9,18.79,50.09,4.15666666666667,92.5666666666667,17.89,46.0,19.2,54.9666666666667,17.0,47.23,5.06666666666667,738.5,92.0,4.66666666666667,40.0,3.86666666666667,15.813585359137504,15.813585359137504,0,50
2016-01-12 02:30:00,50,0,20.7,46.2,20.0,44.433333333333294,20.2,45.5,21.066666666666695,45.9,18.79,50.09,4.3333333333333295,93.53,17.89,46.06,19.2,54.9,17.0,47.363333333333294,5.0,738.6,92.0,4.5,40.0,3.8,25.93171315966174,25.93171315966174,0,50
2016-01-12 02:40:00,40,0,20.6,46.2,20.0,44.5,20.2,45.5,20.9266666666667,45.9,18.79,50.09,4.3333333333333295,93.32333333333328,17.89,46.09,19.2,54.863333333333294,17.0,47.53,4.93333333333333,738.7,92.0,4.3333333333333295,40.0,3.7333333333333294,33.100253820884966,33.100253820884966,0,40
2016-01-12 02:50:00,40,0,20.6,46.1266666666667,20.0,44.5,20.2,45.4,20.745,45.9,18.73,50.09,4.19,93.1266666666667,17.8233333333333,45.963333333333296,19.1333333333333,54.79,17.0,47.6633333333333,4.86666666666667,738.7999999999998,92.0,4.16666666666667,40.0,3.6666666666666705,20.34150935942307,20.34150935942307,0,40
2016-01-12 03:00:00,30,0,20.566666666666695,46.0666666666667,19.89,44.59,20.2,45.4,20.6666666666667,46.0,18.7,50.09,4.06333333333333,92.8666666666667,17.8566666666667,45.9666666666667,19.2,54.9,17.0,47.8266666666667,4.8,738.9,92.0,4.0,40.0,3.6,45.64379621297121,45.64379621297121,0,30
2016-01-12 03:10:00,20,0,20.5,46.2,19.823333333333295,44.53,20.29,45.4666666666667,20.533333333333296,46.0,18.7,50.09,3.8633333333333297,92.96666666666668,17.8566666666667,45.9666666666667,19.2,54.9666666666667,17.0,47.9,4.81666666666667,739.016666666667,92.1666666666667,4.3333333333333295,40.0,3.6333333333333298,14.680168638005853,14.680168638005853,0,20
2016-01-12 03:20:00,20,0,20.5,46.29,19.79,44.53,20.29,45.4,20.39,46.03,18.7,50.09,3.79,93.09333333333329,17.89,46.2,19.2,55.09,17.0,48.03,4.8333333333333295,739.1333333333331,92.3333333333333,4.66666666666667,40.0,3.6666666666666705,22.953286312986165,22.953286312986165,0,20
2016-01-12 03:30:00,40,0,20.4266666666667,46.23,19.79,44.53,20.2,45.4,20.39,46.1633333333333,18.6333333333333,50.03,3.895,94.045,17.89,46.2,19.2,55.03,17.0,48.09,4.85,739.25,92.5,5.0,40.0,3.7,16.619733709376305,16.619733709376305,0,40
2016-01-12 03:40:00,50,0,20.39,46.29,19.76,44.59,20.2,45.4,20.29,46.2,18.6,50.0,4.19,94.6566666666667,17.89,46.2,19.2,54.863333333333294,17.0666666666667,48.29,4.86666666666667,739.366666666667,92.6666666666667,5.3333333333333295,40.0,3.7333333333333294,32.543523353524506,32.543523353524506,0,50
2016-01-12 03:50:00,50,0,20.39,46.363333333333294,19.7,44.59,20.2,45.5,20.23,46.26,18.6,50.0,4.263333333333329,94.79666666666668,17.89,46.1266666666667,19.2,54.73,17.0666666666667,48.363333333333294,4.883333333333329,739.483333333333,92.8333333333333,5.66666666666667,40.0,3.7666666666666706,12.90083903586492,12.90083903586492,0,50
2016-01-12 04:00:00,40,0,20.29,46.5,19.7,44.7,20.26,45.5,20.1,46.29,18.6,50.0,4.463333333333329,95.03,17.89,46.09,19.1,54.56,17.0333333333333,48.463333333333296,4.9,739.6,93.0,6.0,40.0,3.8,23.927262413781136,23.927262413781136,0,40
2016-01-12 04:10:00,50,0,20.29,46.545,19.6333333333333,44.6266666666667,20.29,45.5,20.033333333333296,46.29,18.533333333333296,50.0,4.59,95.03,17.89,45.92,19.1,54.5,17.0333333333333,48.59,4.91666666666667,739.65,92.6666666666667,5.8333333333333295,40.0,3.7666666666666706,38.315533532295376,38.315533532295376,0,50
2016-01-12 04:20:00,40,0,20.23,46.5,19.6,44.59,20.29,45.5,20.0,46.4,18.5,50.0,4.72666666666667,94.8666666666667,17.89,45.73,19.1,54.5,17.0333333333333,48.7666666666667,4.93333333333333,739.7,92.3333333333333,5.66666666666667,40.0,3.7333333333333294,4.212345718406141,4.212345718406141,0,40
2016-01-12 04:30:00,40,0,20.2,46.433333333333294,19.6,44.59,20.29,45.5,19.9266666666667,46.4666666666667,18.5,50.0,4.8,94.7266666666667,17.89,45.7,19.1,54.5,17.0333333333333,48.9,4.95,739.75,92.0,5.5,40.0,3.7,43.7660665018484,43.7660665018484,0,40
2016-01-12 04:40:00,40,0,20.2,46.56,19.566666666666695,44.7,20.29,45.56,19.8566666666667,46.4666666666667,18.5,50.0,4.8,94.49333333333328,17.89,45.7,19.1,54.4,17.1,49.045,4.96666666666667,739.7999999999998,91.6666666666667,5.3333333333333295,40.0,3.6666666666666705,16.953646892216057,16.953646892216057,0,40
2016-01-12 04:50:00,60,0,20.1666666666667,46.363333333333294,19.5,44.7,20.29,45.59,19.79,46.4666666666667,18.5,50.0,4.8,94.2266666666667,17.89,45.59,19.1,54.4,17.1,49.2,4.98333333333333,739.85,91.3333333333333,5.16666666666667,40.0,3.6333333333333298,41.97201750939712,41.97201750939712,0,60
2016-01-12 05:00:00,50,0,20.1,46.363333333333294,19.5,44.79,20.29,45.59,19.76,46.59,18.5,50.0,4.8,94.1266666666667,17.89,45.6633333333333,19.1,54.29,17.1,49.26,5.0,739.9,91.0,5.0,40.0,3.6,17.33417445793748,17.33417445793748,0,50
2016-01-12 05:10:00,50,0,20.1,46.5,19.4266666666667,44.73,20.29,45.59,19.7,46.6633333333333,18.4725,49.975,4.8,94.0,17.89,45.59,19.1,54.23,17.1,49.29,4.98333333333333,739.966666666667,91.6666666666667,4.8333333333333295,40.0,3.6833333333333296,16.688746539875865,16.688746539875865,0,50
2016-01-12 05:20:00,40,0,20.033333333333296,46.36,19.39,44.73,20.29,45.59,19.6666666666667,46.6633333333333,18.39,49.9,4.763333333333329,93.56333333333329,17.89,45.59,19.05,54.045,17.1,49.363333333333294,4.96666666666667,740.033333333333,92.3333333333333,4.66666666666667,40.0,3.7666666666666706,23.81756225368008,23.81756225368008,0,40
2016-01-12 05:30:00,40,0,20.0,46.29,19.39,44.79,20.3566666666667,45.59,19.6,46.59,18.39,49.9,4.763333333333329,94.02333333333328,17.89,45.6266666666667,19.0,54.0,17.1,49.433333333333294,4.95,740.1,93.0,4.5,40.0,3.85,44.60991679225117,44.60991679225117,0,40
2016-01-12 05:40:00,40,0,20.0,46.29,19.39,44.79,20.39,45.59,19.6,46.6266666666667,18.39,49.9,4.8333333333333295,94.7266666666667,17.89,45.6266666666667,19.066666666666695,54.0,17.1,49.56,4.93333333333333,740.1666666666669,93.6666666666667,4.3333333333333295,40.0,3.9333333333333296,43.21697353152558,43.21697353152558,0,40
2016-01-12 05:50:00,40,0,20.0,46.23,19.39,44.79,20.323333333333295,45.59,19.6,46.7,18.39,49.9,4.8333333333333295,95.0,17.89,45.59,19.1,53.9,17.1,49.6266666666667,4.91666666666667,740.233333333333,94.3333333333333,4.16666666666667,40.0,4.01666666666667,19.4994771736674,19.4994771736674,0,40
2016-01-12 06:00:00,50,0,19.9266666666667,46.23,19.29,44.9,20.323333333333295,45.59,19.5,46.7,18.39,49.9,4.9,95.53,17.89,45.723333333333294,19.033333333333296,53.8266666666667,17.1,49.7,4.9,740.2999999999998,95.0,4.0,40.0,4.1,38.86603494174778,38.86603494174778,0,50
2016-01-12 06:10:00,70,10,19.89,46.23,19.29,44.925,20.323333333333295,45.59,19.5,46.7,18.3566666666667,49.933333333333294,4.9975,95.82,17.89,45.9,19.0,53.79,17.1,49.8266666666667,4.93333333333333,740.4333333333329,94.6666666666667,4.16666666666667,38.16666666666669,4.1,48.03089986089617,48.03089986089617,0,70
2016-01-12 06:20:00,40,0,19.89,46.43,19.29,45.0,20.29,45.59,19.4266666666667,46.7,18.29,50.0,5.09,96.03,17.89,45.9666666666667,19.0,53.79,17.1,49.9666666666667,4.96666666666667,740.5666666666668,94.3333333333333,4.3333333333333295,36.33333333333329,4.1,21.732974238693718,21.732974238693718,0,40
2016-01-12 06:30:00,30,0,19.89,46.6266666666667,19.29,45.1266666666667,20.29,45.59,19.39,46.7,18.29,50.1266666666667,5.0,95.9,17.89,45.9,19.0,53.76,17.1333333333333,50.0,5.0,740.7,94.0,4.5,34.5,4.1,35.625733935739845,35.625733935739845,0,30
2016-01-12 06:40:00,20,10,19.89,46.7,19.218,45.2,20.29,45.5,19.39,46.7,18.29,50.2,5.0,95.96666666666668,17.89,45.8266666666667,19.0,53.7,17.2,50.0,5.03333333333333,740.8333333333329,93.6666666666667,4.66666666666667,32.66666666666669,4.1,19.99971844488755,19.99971844488755,0,20
2016-01-12 06:50:00,30,0,19.89,46.863333333333294,19.2,45.245,20.29,45.433333333333294,19.29,46.79,18.29,50.23,4.96666666666667,95.93333333333328,17.89,45.7225,19.0,53.875,17.2,50.0,5.06666666666667,740.966666666667,93.3333333333333,4.8333333333333295,30.8333333333333,4.1,16.267607593908902,16.267607593908902,0,30
2016-01-12 07:00:00,40,10,19.823333333333295,46.863333333333294,19.2,45.363333333333294,20.2,45.29,19.29,46.79,18.29,50.29,4.9,95.93333333333328,17.89,45.79,19.0,54.0,17.2,50.0,5.1,741.1,93.0,5.0,29.0,4.1,37.85435740137473,37.85435740137473,0,40
2016-01-12 07:10:00,50,10,19.8566666666667,46.93,19.2,45.4,20.2,45.29,19.29,46.79,18.29,50.4266666666667,4.93333333333333,96.09,17.89,45.863333333333294,19.0,54.06,17.2,50.09,5.1,741.216666666667,92.6666666666667,5.0,30.8333333333333,4.05,10.13461275724694,10.13461275724694,0,50
2016-01-12 07:20:00,60,20,19.79,46.79,19.2,45.3266666666667,20.1666666666667,45.29,19.29,46.59666666666671,18.23,50.83333333333329,4.93333333333333,96.09,17.89,45.52,18.9266666666667,53.8,17.2,49.963333333333296,5.1,741.3333333333329,92.3333333333333,5.0,32.66666666666669,4.0,35.556061123497784,35.556061123497784,0,60
2016-01-12 07:30:00,60,20,19.79,46.895,19.175,45.195,20.1,45.29,19.26,46.2966666666667,18.2,51.2666666666667,5.0,96.09,17.89,45.14,18.9725,53.15,17.2,49.723333333333294,5.1,741.45,92.0,5.0,34.5,3.95,6.084596051368862,6.084596051368862,0,60
2016-01-12 07:40:00,70,20,19.79,47.4266666666667,19.1,45.03,20.1,45.29,19.2,46.09,18.2,51.5266666666667,5.0,96.09,17.8566666666667,44.83333333333329,18.89,52.8,17.2,49.463333333333296,5.1,741.5666666666668,91.6666666666667,5.0,36.33333333333329,3.9,12.274425697978584,12.274425697978584,0,70
2016-01-12 07:50:00,60,30,19.79,48.3666666666667,19.1,45.0,20.1,45.29,19.1666666666667,45.9666666666667,18.1,51.8266666666667,5.0,96.09,17.79,44.5666666666667,18.8566666666667,52.363333333333294,17.15,48.995,5.1,741.6833333333329,91.3333333333333,5.0,38.16666666666669,3.85,7.165218971204013,7.165218971204013,0,60
2016-01-12 08:00:00,140,20,19.79,48.66666666666671,19.1,45.0,20.2,45.29,19.1666666666667,45.9,18.1,51.9666666666667,5.06,96.1566666666667,17.79,44.3266666666667,18.79,51.963333333333296,17.1,48.6333333333333,5.1,741.7999999999998,91.0,5.0,40.0,3.8,11.981470754835755,11.981470754835755,0,140
2016-01-12 08:10:00,110,30,19.79,48.533333333333296,19.066666666666695,45.06,20.1333333333333,45.29,19.2,45.76,18.1,52.1266666666667,5.09,96.0266666666667,17.8566666666667,44.66,18.79,51.6333333333333,17.1,48.36,5.05,741.8833333333331,91.0,5.0,40.0,3.7333333333333294,2.946718863677233,2.946718863677233,0,110
2016-01-12 08:20:00,90,10,19.89,50.0,19.0222222222222,45.0444444444444,20.15,45.245,19.2,45.6266666666667,18.033333333333296,52.2,5.09,95.76,18.0,45.0633333333333,18.79,51.395,17.1,48.0266666666667,5.0,741.966666666667,91.0,5.0,40.0,3.6666666666666705,32.11441292660311,32.11441292660311,0,90
2016-01-12 08:30:00,60,0,19.89,48.7333333333333,19.1,45.2,20.1,45.2,19.1,45.5266666666667,18.05,52.4,5.0,95.4566666666667,18.0,44.4566666666667,18.7,51.045,17.1,47.7666666666667,4.95,742.0499999999998,91.0,5.0,40.0,3.6,43.813460634555675,43.813460634555675,0,60
2016-01-12 08:40:00,60,0,19.89,48.0266666666667,19.033333333333296,45.1266666666667,20.1,45.2,19.1,45.4,18.0,52.5,4.7933333333333294,94.79,17.89,43.96,18.7,50.76,17.1,47.4666666666667,4.9,742.1333333333331,91.0,5.0,40.0,3.53333333333333,38.94573387224227,38.94573387224227,0,60
2016-01-12 08:50:00,60,0,19.89,47.6333333333333,19.0,45.09,20.1,45.2,19.1,45.363333333333294,18.0,52.56,4.46666666666667,94.1933333333333,17.89,43.5666666666667,18.7,50.645,17.0333333333333,47.2666666666667,4.85,742.216666666667,91.0,5.0,40.0,3.4666666666666694,39.865441294386976,39.865441294386976,0,60
2016-01-12 09:00:00,50,0,19.8566666666667,47.0633333333333,19.0,45.03,20.1,45.2,19.1,45.23,18.0,52.79,4.2975,94.45,17.8566666666667,43.1,18.7,50.42,17.0,46.93,4.8,742.2999999999998,91.0,5.0,40.0,3.4,22.76372268097475,22.76372268097475,0,50
2016-01-12 09:10:00,60,0,19.79,46.6566666666667,19.0,44.9666666666667,20.1,45.1633333333333,19.1,45.09,17.9266666666667,52.79,4.06333333333333,94.1933333333333,17.79,42.7666666666667,18.6333333333333,50.1566666666667,17.0666666666667,46.79,4.883333333333329,742.3833333333331,91.0,5.0,38.16666666666669,3.4833333333333294,20.504204102326185,20.504204102326185,0,60
2016-01-12 09:20:00,50,0,19.79,46.33333333333329,19.0,44.8266666666667,20.1,45.09,19.1,44.9666666666667,17.89,52.76,4.03,94.6666666666667,17.79,42.43,18.6666666666667,50.0266666666667,17.0333333333333,46.59,4.96666666666667,742.466666666667,91.0,5.0,36.33333333333329,3.56666666666667,40.54351213853806,40.54351213853806,0,50
2016-01-12 09:30:00,30,0,19.79,46.0666666666667,19.0,44.645,20.1,45.1633333333333,19.033333333333296,44.7666666666667,17.89,52.033333333333296,4.09,95.0,17.79,42.23,18.6,49.8266666666667,17.0333333333333,46.39,5.05,742.5499999999998,91.0,5.0,34.5,3.65,30.24666451383382,30.24666451383382,0,30
2016-01-12 09:40:00,40,0,19.76,45.863333333333294,18.963333333333296,44.56,20.033333333333296,44.963333333333296,19.0,44.6633333333333,18.0,50.9,4.1233333333333295,95.3966666666667,17.7,41.9666666666667,18.6,49.6633333333333,17.0,46.1633333333333,5.133333333333329,742.6333333333331,91.0,5.0,32.66666666666669,3.7333333333333294,32.73619640385732,32.73619640385732,0,40
2016-01-12 09:50:00,30,0,19.7,45.79,18.963333333333296,44.433333333333294,20.0,44.9,19.066666666666695,44.59,18.0,50.4266666666667,4.263333333333329,95.79666666666668,17.7,41.8266666666667,18.6,49.59,17.0,46.03,5.21666666666667,742.716666666667,91.0,5.0,30.8333333333333,3.8166666666666704,17.65986359678209,17.65986359678209,0,30
2016-01-12 10:00:00,260,0,19.7,45.6633333333333,18.89,44.29,20.0,44.9,19.1,44.69333333333329,18.0,49.93,4.463333333333329,96.26,17.7,41.6633333333333,18.6,49.4666666666667,17.0,45.863333333333294,5.3,742.7999999999998,91.0,5.0,29.0,3.9,13.513007294386624,13.513007294386624,0,260
2016-01-12 10:10:00,500,0,19.7,45.59,18.89,44.23,19.89,44.9,19.1666666666667,45.0266666666667,18.0,49.6566666666667,4.73,96.46666666666668,17.7,41.59,18.533333333333296,49.4,17.0,45.73,5.48333333333333,742.8833333333331,90.1666666666667,5.0,30.8333333333333,3.95,49.63420305866748,49.63420305866748,0,500
2016-01-12 10:20:00,450,0,19.73,47.793333333333294,18.9266666666667,44.23,19.89,44.9,19.36,45.36,18.0,49.5,5.03,96.56,17.7,41.5,18.5,49.26,17.0,45.6633333333333,5.66666666666667,742.966666666667,89.3333333333333,5.0,32.66666666666669,4.0,31.674663221929222,31.674663221929222,0,450
2016-01-12 10:30:00,50,10,19.79,48.793333333333294,19.0,44.363333333333294,19.89,44.863333333333294,19.6933333333333,45.56,18.0,49.56,5.15666666666667,96.5,17.7,41.4,18.5,49.2,17.0,45.463333333333296,5.85,743.0499999999998,88.5,5.0,34.5,4.05,10.66040676087141,10.66040676087141,0,50
2016-01-12 10:40:00,60,0,19.89,47.94,19.033333333333296,44.5666666666667,19.963333333333296,44.863333333333294,20.0,45.1333333333333,18.033333333333296,49.6266666666667,5.3333333333333295,96.56,17.7,41.3266666666667,18.5,49.09,17.0333333333333,45.29,6.03333333333333,743.1333333333331,87.6666666666667,5.0,36.33333333333329,4.1,6.468617403879762,6.468617403879762,0,60
2016-01-12 10:50:00,60,0,19.89,47.16,19.033333333333296,44.5666666666667,19.9266666666667,44.79,20.066666666666695,44.86,18.1,49.5666666666667,5.4,96.29333333333328,17.7,41.26,18.5,49.09,17.0333333333333,45.23,6.21666666666667,743.216666666667,86.8333333333333,5.0,38.16666666666669,4.15,23.90590171562508,23.90590171562508,0,60
2016-01-12 11:00:00,50,0,19.89,46.7666666666667,19.033333333333296,44.5,20.0,44.79,20.1333333333333,44.7,18.033333333333296,49.3266666666667,5.53,96.19,17.7,41.2,18.5,49.0,17.05,45.245,6.4,743.2999999999998,86.0,5.0,40.0,4.2,46.20372349163517,46.20372349163517,0,50
2016-01-12 11:10:00,50,0,20.0,46.2966666666667,19.1,44.5,20.0,44.79,20.2,44.6266666666667,18.1,49.3266666666667,5.79666666666667,96.19,17.73,41.0266666666667,18.5,48.933333333333294,17.1,45.29,6.5,743.3333333333329,85.1666666666667,5.3333333333333295,38.0,4.16666666666667,29.938048357144,29.938048357144,0,50
2016-01-12 11:20:00,50,0,20.0,45.963333333333296,19.1,44.4666666666667,19.9266666666667,44.79,20.2,44.59,18.1,49.26,5.8333333333333295,95.02333333333328,17.79,40.9,18.4266666666667,48.59,17.1,45.23,6.6,743.366666666667,84.3333333333333,5.66666666666667,36.0,4.133333333333329,48.808534746058285,48.808534746058285,0,50
2016-01-12 11:30:00,60,0,20.0,46.223333333333294,19.1,44.4,19.945,44.79,20.1333333333333,44.463333333333296,18.1,49.1266666666667,5.96666666666667,94.56333333333329,17.79,40.7,18.5,48.463333333333296,17.1,45.2,6.7,743.4,83.5,6.0,34.0,4.1,36.58962559420616,36.58962559420616,0,60
2016-01-12 11:40:00,60,0,20.0,45.963333333333296,19.1,44.29,19.89,44.76,20.1,44.1633333333333,18.1,49.09,6.245,93.745,17.8566666666667,40.6266666666667,18.5,48.19,17.1,45.1266666666667,6.8,743.4333333333329,82.6666666666667,6.3333333333333295,32.0,4.06666666666667,17.836345604155213,17.836345604155213,0,60
2016-01-12 11:50:00,60,0,20.0,45.723333333333294,19.15,44.245,19.89,44.7,20.1,44.03,18.1,49.0,6.43333333333333,91.23,17.8233333333333,40.4666666666667,18.5,47.9666666666667,17.1,45.2,6.9,743.466666666667,81.8333333333333,6.66666666666667,30.0,4.03333333333333,21.57368452753872,21.57368452753872,0,60
2016-01-12 12:00:00,60,0,20.0,45.6633333333333,19.2,44.2,19.963333333333296,44.7,20.033333333333296,43.9,18.1,48.933333333333294,6.5,88.8966666666667,17.89,40.3266666666667,18.566666666666695,47.8266666666667,17.1,45.2,7.0,743.5,81.0,7.0,28.0,4.0,7.410578033886851,7.410578033886851,0,60
2016-01-12 12:10:00,190,0,20.033333333333296,45.5,19.2,44.1266666666667,19.963333333333296,44.7,20.033333333333296,43.69333333333329,18.066666666666695,49.0,6.59,85.4633333333333,17.9175,40.24,18.566666666666695,47.59,17.1,45.06,7.0833333333333295,743.5,80.6666666666667,7.0,30.0,4.01666666666667,0.6538787740282714,0.6538787740282714,0,190
2016-01-12 12:20:00,220,0,20.1,45.69333333333329,19.2,43.9,20.0,44.79,20.0,43.845,18.0,49.4,6.65666666666667,84.3966666666667,17.9266666666667,40.03,18.55,47.545,17.1,45.0,7.16666666666667,743.5,80.3333333333333,7.0,32.0,4.03333333333333,35.77830330468714,35.77830330468714,0,220
2016-01-12 12:30:00,170,0,20.1,45.4,19.2,43.9,20.0,44.79,20.0,43.8266666666667,17.9633333333333,49.89,6.93333333333333,83.09999999999998,17.9725,39.875,18.6,47.3522222222222,17.1,44.863333333333294,7.25,743.5,80.0,7.0,34.0,4.05,5.159211787395179,5.159211787395179,0,170
2016-01-12 12:40:00,390,0,20.1,45.3266666666667,19.2,43.856,19.963333333333296,44.79,20.0,43.9666666666667,17.89,50.223333333333294,7.12666666666667,82.8933333333333,18.0,39.7,18.6,47.2,17.1,44.79,7.3333333333333295,743.5,79.6666666666667,7.0,36.0,4.06666666666667,22.31421743053943,22.31421743053943,0,390
2016-01-12 12:50:00,90,0,20.1,45.3266666666667,19.2,43.7,19.89,44.79,19.89,44.09,17.89,50.398,7.43333333333333,82.3333333333333,18.0,39.6633333333333,18.5,47.2,17.1,44.7,7.416666666666669,743.5,79.3333333333333,7.0,38.0,4.0833333333333295,32.005052256863564,32.005052256863564,0,90
2016-01-12 13:00:00,60,0,20.1666666666667,46.9933333333333,19.2,43.76,19.89,44.79,19.89,44.1633333333333,17.89,50.56,7.5,81.0,18.0,39.59,18.5,47.1266666666667,17.1666666666667,44.6266666666667,7.5,743.5,79.0,7.0,40.0,4.1,49.59193100221455,49.59193100221455,0,60
2016-01-12 13:10:00,290,0,20.1,46.43,19.1,43.8175,19.89,44.79,19.8566666666667,44.16,17.8566666666667,50.73,7.4,80.36,17.89,39.59,18.5,47.23,17.1666666666667,44.56,7.416666666666669,743.5,79.3333333333333,7.16666666666667,40.0,4.06666666666667,24.779678892809898,24.779678892809898,0,290
2016-01-12 13:20:00,130,0,20.1,46.03,19.1,43.838125,19.89,44.79,19.8566666666667,44.0266666666667,17.8566666666667,50.863333333333294,7.46666666666667,80.36,17.89,39.59,18.5,47.29,17.1,44.5,7.3333333333333295,743.5,79.6666666666667,7.3333333333333295,40.0,4.03333333333333,24.217476218473166,24.217476218473166,0,130
2016-01-12 13:30:00,140,0,20.066666666666695,45.363333333333294,19.1,43.745,19.89,44.863333333333294,19.79,43.863333333333294,17.79,50.933333333333294,7.656666666666669,78.79,17.89,39.59,18.5,47.33,17.1,44.4,7.25,743.5,80.0,7.5,40.0,4.0,8.672116743400693,8.672116743400693,0,140
2016-01-12 13:40:00,240,0,20.0,44.963333333333296,19.1,43.5955555555556,19.89,44.8266666666667,19.73,43.53,17.79,51.0,7.53,78.18999999999998,17.89,39.59,18.5,47.2825,17.1,44.3266666666667,7.16666666666667,743.5,80.3333333333333,7.666666666666669,40.0,3.9666666666666694,37.74104722542688,37.74104722542688,0,240
2016-01-12 13:50:00,50,0,20.0,44.76,19.1,43.488888888888894,19.89,44.9,19.7,43.5,17.79,51.0,7.6233333333333295,78.73,17.945,39.565,18.5,47.1371428571429,17.1,44.29,7.0833333333333295,743.5,80.6666666666667,7.8333333333333295,40.0,3.9333333333333296,22.69477446097881,22.69477446097881,0,50
2016-01-12 14:00:00,60,0,20.0,44.595,19.1,43.425,19.89,44.9,19.7,43.5,17.79,51.0,7.69,77.1966666666667,18.0777777777778,39.4766666666667,18.5,47.0113333333333,17.1,44.23,7.0,743.5,81.0,8.0,40.0,3.9,25.558489188551903,25.558489188551903,0,60
2016-01-12 14:10:00,60,0,20.0,44.433333333333294,19.1,43.334,19.89,44.9,19.7,43.4666666666667,17.79,51.0,7.559999999999999,76.3233333333333,18.183333333333305,39.275,18.5,46.91666666666671,17.1,44.2,6.98333333333333,743.5499999999998,80.1666666666667,7.5,40.0,3.7333333333333294,10.37725566420704,10.37725566420704,0,60
2016-01-12 14:20:00,60,0,20.0,44.26,19.1,43.29,19.89,44.9,19.7,43.4,17.79,51.0,7.43333333333333,76.4633333333333,18.183333333333305,39.09,18.5,46.863333333333294,17.1,44.2,6.96666666666667,743.6,79.3333333333333,7.0,40.0,3.56666666666667,11.432907136622816,11.432907136622816,0,60
2016-01-12 14:30:00,370,0,20.0,44.2,19.1,43.29,19.89,44.9,19.6,43.2,17.73,51.0,7.295,77.4,18.1,39.09,18.5,46.79,17.1,44.1266666666667,6.95,743.65,78.5,6.5,40.0,3.4,29.785599815659225,29.785599815659225,0,370
2016-01-12 14:40:00,200,0,20.0,44.06,19.033333333333296,43.23,19.945,44.9,19.6,43.1266666666667,17.79,51.0,6.9,77.6333333333333,18.066666666666695,39.06,18.5,47.0,17.1,44.0,6.93333333333333,743.7,77.6666666666667,6.0,40.0,3.2333333333333294,28.743609914090484,28.743609914090484,0,200
2016-01-12 14:50:00,70,0,20.0,44.06,19.0,43.2,19.89,44.9,19.566666666666695,43.06,17.7,51.0,6.96666666666667,78.82666666666668,18.0,39.0,18.4266666666667,46.933333333333294,17.1,43.933333333333294,6.91666666666667,743.75,76.8333333333333,5.5,40.0,3.06666666666667,3.853219014126808,3.853219014126808,0,70
2016-01-12 15:00:00,50,0,20.0,44.09,19.0,43.1266666666667,19.89,44.8266666666667,19.5,43.0,17.7,51.0,6.96666666666667,79.48999999999998,17.9725,39.0,18.463333333333296,47.0,17.1,43.79,6.9,743.7999999999998,76.0,5.0,40.0,2.9,1.777028979267925,1.777028979267925,0,50
2016-01-12 15:10:00,40,0,20.0,44.03,19.0,43.09,19.89,44.9,19.463333333333296,43.06,17.7,51.0,6.8333333333333295,78.7566666666667,17.89,39.0,18.39,47.0,17.1,43.79,6.8,743.8166666666668,77.0,4.8333333333333295,40.0,3.0,32.13977460982277,32.13977460982277,0,40
2016-01-12 15:20:00,40,0,19.963333333333296,43.9,18.9266666666667,43.09,19.89,44.9,19.39,43.0,17.7,51.0,6.36666666666667,79.06,18.033333333333296,39.09,18.39,46.9,17.1,43.7,6.7,743.8333333333329,78.0,4.66666666666667,40.0,3.1,46.430759981740266,46.430759981740266,0,40
2016-01-12 15:30:00,30,0,19.963333333333296,43.9,19.033333333333296,43.06,19.89,44.79,19.445,43.145,17.7,51.0,6.43333333333333,82.5333333333333,18.1666666666667,39.03,18.4975,46.6725,17.1,43.76,6.6,743.85,79.0,4.5,40.0,3.2,29.90462111774832,29.90462111774832,0,30
2016-01-12 15:40:00,30,0,20.0,43.863333333333294,19.1,43.0,19.89,44.79,19.533333333333296,43.1633333333333,17.7,51.0,6.93333333333333,81.0266666666667,18.323333333333295,38.83333333333329,18.6666666666667,46.53,17.1666666666667,43.79,6.5,743.866666666667,80.0,4.3333333333333295,40.0,3.3,28.045037400443103,28.045037400443103,0,30
2016-01-12 15:50:00,30,0,20.066666666666695,43.863333333333294,19.1333333333333,42.863333333333294,19.89,44.76,19.6,43.03,17.7,51.0,7.0,76.8333333333333,18.445,38.645,18.79,46.223333333333294,17.1666666666667,43.79,6.4,743.8833333333331,81.0,4.16666666666667,40.0,3.4,26.301386195700612,26.301386195700612,0,30
2016-01-12 16:00:00,30,0,20.1,43.79,19.2,42.715,19.89,44.7,19.6,42.863333333333294,17.7,51.0,6.93333333333333,75.1333333333333,18.5285714285714,38.2535714285714,18.79,45.980833333333294,17.2,43.79,6.3,743.9,82.0,4.0,40.0,3.5,49.25476119387895,49.25476119387895,0,30
2016-01-12 16:10:00,40,0,20.1,43.73,19.1363636363636,42.65,19.89,44.7,19.533333333333296,42.79,17.7,51.06,6.72666666666667,75.3333333333333,18.4877777777778,38.1877777777778,18.78,45.8877777777778,17.2,43.73,6.3333333333333295,743.95,80.8333333333333,4.5,38.16666666666669,3.3,25.382091116625812,25.382091116625812,0,40
2016-01-12 16:20:00,50,0,20.1,43.56,19.13,42.59,19.89,44.76,19.39,42.59,17.6666666666667,51.0,6.52666666666667,73.76,18.39,38.027,18.7163636363636,45.81,17.2,43.6633333333333,6.36666666666667,744.0,79.6666666666667,5.0,36.33333333333329,3.1,34.139403933659196,34.139403933659196,0,50
2016-01-12 16:30:00,40,0,20.1,43.433333333333294,19.1,42.59,19.89,44.79,19.39,42.59,17.6,51.0,6.3333333333333295,73.5,18.375714285714295,38.0,18.7,45.79,17.2,43.53,6.4,744.0499999999998,78.5,5.5,34.5,2.9,30.077060882467777,30.077060882467777,0,40
2016-01-12 16:40:00,40,0,20.1,43.1633333333333,19.0375,42.53375,19.823333333333295,44.73,19.29,42.59,17.6,50.9666666666667,6.1233333333333295,75.7,18.242,37.9466666666667,18.7,45.7245454545455,17.1,43.4,6.43333333333333,744.1,77.3333333333333,6.0,32.66666666666669,2.7,11.943433887790889,11.943433887790889,0,40
2016-01-12 16:50:00,40,0,20.1,43.03,19.007692307692295,42.43,19.79,44.7,19.29,42.59,17.6,50.9,6.19,76.3666666666667,18.2,37.9,18.63125,45.711875,17.1,43.3266666666667,6.46666666666667,744.15,76.1666666666667,6.5,30.8333333333333,2.5,12.908296333625913,12.908296333625913,0,40
2016-01-12 17:00:00,60,0,20.066666666666695,42.83333333333329,19.0,42.4181818181818,19.79,44.7,19.26,42.56,17.6,50.9,6.15666666666667,76.8933333333333,18.1388888888889,37.9055555555556,18.6,45.79,17.1,43.26,6.5,744.2,75.0,7.0,29.0,2.3,36.46548116812482,36.46548116812482,0,60
2016-01-12 17:10:00,60,10,20.0,42.6725,19.0,42.433333333333294,19.79,44.6633333333333,19.2,42.56,17.6,50.9,6.09,77.56,18.1,37.945454545454496,18.6,45.808333333333294,17.1,43.2,6.31666666666667,744.283333333333,76.6666666666667,7.0,30.8333333333333,2.43333333333333,22.62854157015681,22.62854157015681,0,60
2016-01-12 17:20:00,210,20,20.0,42.53,18.99,42.4718181818182,19.79,44.59,19.2,42.6266666666667,17.6,50.79,6.09,77.995,18.1,38.045,18.6,45.9,17.1,43.145,6.133333333333329,744.366666666667,78.3333333333333,7.0,32.66666666666669,2.56666666666667,8.756338420789689,8.756338420789689,0,210
2016-01-12 17:30:00,380,20,20.033333333333296,43.4966666666667,18.9022222222222,42.58,19.823333333333295,44.59,19.2,42.76,17.6,50.73,6.06,78.7,18.0181818181818,38.0572727272727,18.5363636363636,46.0,17.1,43.0,5.95,744.45,80.0,7.0,34.5,2.7,37.33491348102689,37.33491348102689,0,380
2016-01-12 17:40:00,370,40,20.033333333333296,42.963333333333296,18.89,42.56,19.89,44.59,19.36,43.5666666666667,17.5333333333333,50.79,5.93333333333333,81.0333333333333,18.0,38.3441666666667,18.5,46.0,17.1,43.0,5.76666666666667,744.533333333333,81.6666666666667,7.0,36.33333333333329,2.8333333333333295,5.249382019974291,5.249382019974291,0,370
2016-01-12 17:50:00,230,30,20.0,43.16,18.89,42.7966666666667,19.89,44.59,19.6933333333333,43.9,17.6,50.79,5.52666666666667,82.8933333333333,18.066666666666695,38.9,18.5,46.1266666666667,17.0666666666667,42.93,5.5833333333333295,744.616666666667,83.3333333333333,7.0,38.16666666666669,2.9666666666666694,43.22724745143205,43.22724745143205,0,230
2016-01-12 18:00:00,80,40,20.0,43.9,18.8566666666667,43.4,19.79,44.4666666666667,20.163333333333295,43.83333333333329,17.6,50.745,5.26,83.4333333333333,18.1333333333333,39.3266666666667,18.5,46.33333333333329,17.0,42.863333333333294,5.4,744.7,85.0,7.0,40.0,3.1,30.73224858380854,30.73224858380854,0,80
2016-01-12 18:10:00,90,30,20.0,43.7,18.8566666666667,43.4666666666667,19.79,44.4666666666667,20.29,43.6266666666667,17.5,50.8266666666667,5.06,84.2566666666667,18.2,39.3266666666667,18.6,46.6266666666667,17.0333333333333,42.8266666666667,5.3,744.75,86.0,6.8333333333333295,40.0,3.15,27.85797694232315,27.85797694232315,0,90
2016-01-12 18:20:00,70,20,20.0,43.76,18.9266666666667,43.363333333333294,19.79,44.4,20.2,43.49,17.5,50.9,4.93333333333333,85.06333333333329,18.245,39.45,18.6666666666667,46.83333333333329,17.0333333333333,42.8266666666667,5.2,744.7999999999998,87.0,6.66666666666667,40.0,3.2,16.4388659526594,16.4388659526594,0,70
2016-01-12 18:30:00,40,10,20.033333333333296,44.0,19.0,43.29,19.79,44.4,20.2,43.09666666666671,17.5,51.0,4.93333333333333,86.4566666666667,18.2,39.26,18.7,47.0266666666667,17.0,42.7,5.1,744.85,88.0,6.5,40.0,3.25,22.656572272535414,22.656572272535414,0,40
2016-01-12 18:40:00,40,0,20.1,44.26,19.2,43.29,19.89,44.4,20.1,42.845,17.5,51.0,5.0,87.66333333333331,18.2,39.1266666666667,18.76,46.9,17.0,42.76,5.0,744.9,89.0,6.3333333333333295,40.0,3.3,25.022048631217327,25.022048631217327,0,40
2016-01-12 18:50:00,30,0,20.1,44.2,19.245,43.245,19.89,44.3266666666667,19.963333333333296,42.59,17.5,51.09,4.9,88.6333333333333,18.1,39.09,18.7,46.7675,17.0,42.79,4.9,744.95,90.0,6.16666666666667,40.0,3.35,9.043318056501448,9.043318056501448,0,30
2016-01-12 19:00:00,50,0,20.1,44.1266666666667,19.29,43.095,19.79,44.09,19.89,42.59,17.5,51.09,4.9,89.4266666666667,18.1,39.09,18.7,46.645,17.0,42.79,4.8,745.0,91.0,6.0,40.0,3.4,26.481530140154064,26.481530140154064,0,50
2016-01-12 19:10:00,50,0,20.1,44.06,19.37,42.92,19.79,44.09,19.8566666666667,42.56,17.5,51.0,4.86666666666667,90.2266666666667,18.066666666666695,39.06,18.6,46.5,17.0,42.79,4.75,745.033333333333,91.3333333333333,6.16666666666667,40.0,3.4,3.763787285424769,3.763787285424769,0,50
2016-01-12 19:20:00,60,0,20.1,44.0,19.39,42.9,19.79,44.1266666666667,19.79,42.5,17.5,51.0,4.86666666666667,90.8933333333333,18.0,39.0,18.533333333333296,46.56,16.9266666666667,42.79,4.7,745.0666666666668,91.6666666666667,6.3333333333333295,40.0,3.4,13.887796632479876,13.887796632479876,0,60
2016-01-12 19:30:00,50,0,20.1,43.9,19.39,42.76,19.79,44.2,19.76,42.53,17.5,51.0,4.93333333333333,91.4,17.9633333333333,39.0,18.5,46.9,16.89,42.79,4.65,745.1,92.0,6.5,40.0,3.4,10.63497596187517,10.63497596187517,0,50
2016-01-12 19:40:00,60,0,20.1,43.8266666666667,19.39,42.7,19.79,44.2,19.7,42.53,17.5,51.0,4.93333333333333,91.26,17.89,39.0,18.5,47.1266666666667,16.9633333333333,42.863333333333294,4.6,745.1333333333331,92.3333333333333,6.66666666666667,40.0,3.4,14.239524048753083,14.239524048753083,0,60
2016-01-12 19:50:00,60,0,20.033333333333296,43.73,19.39,42.6633333333333,19.79,44.2,19.6666666666667,42.56,17.5,50.9666666666667,4.62666666666667,90.96333333333328,17.89,39.0,18.5,47.26,16.89,42.9,4.55,745.1666666666669,92.6666666666667,6.8333333333333295,40.0,3.4,44.75470514735207,44.75470514735207,0,60
2016-01-12 20:00:00,60,0,20.1,43.73,19.39,42.53,19.79,44.29,19.6,42.5,17.5,50.9,4.4,91.2725,17.89,39.0,18.5,47.3266666666667,16.89,42.9,4.5,745.2,93.0,7.0,40.0,3.4,22.311766166239977,22.311766166239977,0,60
2016-01-12 20:10:00,50,0,20.066666666666695,43.49,19.3566666666667,42.5,19.79,44.29,19.6,42.5,17.5,50.863333333333294,4.36666666666667,92.46,17.79,38.9,18.5,47.4,16.89,42.9,4.53333333333333,745.3166666666668,92.6666666666667,6.8333333333333295,40.0,3.4,38.99924448924139,38.99924448924139,0,50
2016-01-12 20:20:00,50,0,20.0,43.29,19.29,42.433333333333294,19.79,44.29,19.533333333333296,42.5,17.5,50.79,4.53,93.19,17.79,38.9,18.39,47.4,16.89,42.9,4.56666666666667,745.4333333333329,92.3333333333333,6.66666666666667,40.0,3.4,44.03095174347982,44.03095174347982,0,50
2016-01-12 20:30:00,50,0,20.0,43.145,19.29,42.45,19.79,44.29,19.5,42.5,17.5,50.79,4.59,93.19,17.79,38.9,18.39,47.4,16.89,42.845,4.6,745.5499999999998,92.0,6.5,40.0,3.4,20.656210475135595,20.656210475135595,0,50
2016-01-12 20:40:00,50,0,20.0,43.06,19.26,42.4666666666667,19.79,44.29,19.5,42.5,17.5,50.73,4.56,93.06,17.79,38.9666666666667,18.39,47.4,16.89,42.8266666666667,4.633333333333329,745.6666666666669,91.6666666666667,6.3333333333333295,40.0,3.4,3.190424025524408,3.190424025524408,0,50
2016-01-12 20:50:00,50,0,19.9266666666667,43.0,19.2,42.4,19.79,44.29,19.463333333333296,42.4666666666667,17.39,50.59,4.36666666666667,92.93333333333328,17.79,39.0,18.39,47.4,16.89,42.9,4.66666666666667,745.783333333333,91.3333333333333,6.16666666666667,40.0,3.4,16.774374584201723,16.774374584201723,0,50
2016-01-12 21:00:00,60,0,19.89,42.863333333333294,19.2,42.3266666666667,19.79,44.29,19.39,42.4,17.39,50.53,4.263333333333329,93.3666666666667,17.73,39.0,18.39,47.4,16.89,42.9,4.7,745.9,91.0,6.0,40.0,3.4,36.18629733100533,36.18629733100533,0,60
2016-01-12 21:10:00,60,0,19.89,42.79,19.2,42.3266666666667,19.79,44.26,19.39,42.433333333333294,17.39,50.5,4.263333333333329,93.8933333333333,17.7,39.0,18.39,47.3266666666667,16.89,42.9,4.8,745.95,90.5,6.16666666666667,38.16666666666669,3.41666666666667,16.880766674876213,16.880766674876213,0,60
2016-01-12 21:20:00,40,0,19.89,42.7,19.1,42.363333333333294,19.79,44.2,19.323333333333295,42.5,17.39,50.4666666666667,4.4,94.26333333333329,17.7,39.0,18.29,47.29,16.89,42.9,4.9,746.0,90.0,6.3333333333333295,36.33333333333329,3.43333333333333,31.520706124138087,31.520706124138087,0,40
2016-01-12 21:30:00,30,0,19.823333333333295,42.6266666666667,19.1,42.29,19.79,44.1633333333333,19.29,42.5,17.39,50.4,4.46666666666667,94.3966666666667,17.7,39.0,18.29,47.29,16.89,42.8266666666667,5.0,746.0499999999998,89.5,6.5,34.5,3.45,42.03072770033032,42.03072770033032,0,30
2016-01-12 21:40:00,30,20,19.79,42.59,19.0444444444444,42.24,19.73,44.09,19.29,42.5,17.39,50.4,4.6233333333333295,94.4,17.625,38.925,18.29,47.29,16.79,42.79,5.1,746.1,89.0,6.66666666666667,32.66666666666669,3.4666666666666694,42.80658323550597,42.80658323550597,0,30
2016-01-12 21:50:00,30,10,19.79,42.723333333333294,19.0,42.0563636363636,19.7,44.0,19.29,42.69,17.39,50.3266666666667,4.69,94.26,17.7245454545455,39.32727272727271,18.29,47.4816666666667,16.79,42.79,5.2,746.15,88.5,6.8333333333333295,30.8333333333333,3.4833333333333294,19.56796405138448,19.56796405138448,0,30
2016-01-12 22:00:00,40,0,19.76,42.76,19.0,41.8866666666667,19.7,44.06,19.29,42.73,17.39,50.29,4.8333333333333295,94.3966666666667,17.78,39.6894444444444,18.362727272727305,47.705454545454494,16.89,43.1966666666667,5.3,746.2,88.0,7.0,29.0,3.5,19.024694280233238,19.024694280233238,0,40
2016-01-12 22:10:00,50,10,19.7,42.7,19.0,41.988333333333294,19.7,44.1266666666667,19.23,42.79,17.39,50.29,4.96666666666667,94.59,17.8066666666667,40.1961111111111,18.479375,48.3425,16.89,43.7966666666667,5.3333333333333295,746.266666666667,87.3333333333333,6.8333333333333295,30.8333333333333,3.4,44.77227129973471,44.77227129973471,0,50
2016-01-12 22:20:00,50,0,19.7,42.7,19.0,42.064285714285695,19.7,44.2,19.2,43.0,17.39,50.3266666666667,5.09,94.6266666666667,17.8566666666667,40.6922222222222,18.5588235294118,48.8417647058824,16.89,44.19333333333329,5.36666666666667,746.3333333333329,86.6666666666667,6.66666666666667,32.66666666666669,3.3,32.215788145549595,32.215788145549595,0,50
2016-01-12 22:30:00,50,0,19.6333333333333,42.6266666666667,18.910625,42.2525,19.73,44.29,19.2,43.1333333333333,17.39,50.4666666666667,5.09,94.29333333333328,17.89,40.9377777777778,18.6,49.3227272727273,16.89,44.66,5.4,746.4,86.0,6.5,34.5,3.2,37.053932435810566,37.053932435810566,0,50
2016-01-12 22:40:00,40,0,19.6666666666667,43.0,18.89,42.410625,19.79,44.29,19.2,43.23,17.39,50.53,5.19,93.63333333333328,17.84,41.085,18.6,49.664375,16.9266666666667,45.09666666666671,5.43333333333333,746.466666666667,85.3333333333333,6.3333333333333295,36.33333333333329,3.1,30.265172326471657,30.265172326471657,0,40
2016-01-12 22:50:00,50,0,19.6,43.0,18.89,42.5,19.79,44.433333333333294,19.2,43.363333333333294,17.39,50.6633333333333,5.2725,92.47,17.8445454545455,41.2736363636364,18.6,50.0590909090909,16.9266666666667,45.43,5.46666666666667,746.533333333333,84.6666666666667,6.16666666666667,38.16666666666669,3.0,45.154080574866384,45.154080574866384,0,50
2016-01-12 23:00:00,40,0,19.6,43.0,18.89,42.645,19.79,44.5,19.1333333333333,43.4,17.3566666666667,50.79,5.36666666666667,90.8,17.84625,41.44125,18.6333333333333,50.39,17.0,45.7,5.5,746.6,84.0,6.0,40.0,2.9,14.686507754959166,14.686507754959166,0,40
2016-01-12 23:10:00,40,0,19.533333333333296,43.0,18.8081818181818,42.7,19.79,44.53,19.1333333333333,43.4666666666667,17.3566666666667,50.863333333333294,5.5,89.09999999999998,17.89,41.59,18.6142857142857,50.5671428571429,17.0,45.83333333333329,5.5833333333333295,746.733333333333,83.3333333333333,6.3333333333333295,40.0,2.86666666666667,9.563005494419485,9.563005494419485,0,40
2016-01-12 23:20:00,40,0,19.5,43.09,18.79,42.75625,19.79,44.59,19.1,43.5,17.29,51.03,5.56,87.3666666666667,17.8011111111111,41.7277777777778,18.6,50.8828571428571,17.0,46.03,5.66666666666667,746.866666666667,82.6666666666667,6.66666666666667,40.0,2.8333333333333295,44.32254716521129,44.32254716521129,0,40
2016-01-12 23:30:00,40,0,19.5,43.09,18.79,42.86166666666671,19.79,44.59,19.1,43.5,17.29,51.09,5.69,85.43,17.79,41.9388888888889,18.625,51.25,17.0,46.1633333333333,5.75,747.0,82.0,7.0,40.0,2.8,25.166974286548797,25.166974286548797,0,40
2016-01-12 23:40:00,50,0,19.5,43.145,18.79,43.0,19.79,44.59,19.1,43.53,17.29,51.23,5.69,84.62333333333329,17.79,42.1266666666667,18.7,51.465,17.0,46.29,5.8333333333333295,747.1333333333331,81.3333333333333,7.3333333333333295,40.0,2.7666666666666706,43.85287715122104,43.85287715122104,0,50
2016-01-12 23:50:00,50,0,19.5,43.2,18.775,43.045,19.89,44.8266666666667,19.033333333333296,43.53,17.29,51.29,5.8,83.82666666666668,17.79,42.294,18.7,51.59,17.0,46.53,5.91666666666667,747.266666666667,80.6666666666667,7.666666666666669,40.0,2.7333333333333294,9.459681122098118,9.459681122098118,0,50
2016-01-13 00:00:00,50,0,19.4266666666667,43.2,18.7,43.09,19.89,44.9,19.0,43.59,17.29,51.4,5.86666666666667,82.56,17.84,42.495,18.7,51.63125,17.0,46.6633333333333,6.0,747.4,80.0,8.0,40.0,2.7,37.9051526193507,37.9051526193507,0,50
2016-01-13 00:10:00,30,0,19.39,43.2,18.7,43.2,19.89,44.845,19.0,43.59,17.29,51.4,6.0,80.9566666666667,17.8042857142857,42.5864285714286,18.7257142857143,51.7942857142857,17.0,46.8266666666667,5.883333333333329,747.533333333333,81.3333333333333,8.0,37.83333333333329,2.8333333333333295,36.224944633431726,36.224944633431726,0,30
2016-01-13 00:20:00,20,0,19.39,43.26,18.7,43.26,19.89,44.863333333333294,18.963333333333296,43.6266666666667,17.29,51.5,6.0,80.68999999999998,17.815,42.9,18.79,51.925,17.0,46.9666666666667,5.76666666666667,747.6666666666669,82.6666666666667,8.0,35.66666666666669,2.9666666666666694,47.186240914743394,47.186240914743394,0,20
2016-01-13 00:30:00,30,0,19.39,43.29,18.690909090909095,43.31,19.89,44.79,18.89,43.7,17.29,51.59,5.73,84.0333333333333,17.89,43.156,18.75,52.1855555555556,17.0,47.1266666666667,5.65,747.7999999999998,84.0,8.0,33.5,3.1,27.382329350803047,27.382329350803047,0,30
2016-01-13 00:40:00,20,0,19.39,43.363333333333294,18.6777777777778,43.3977777777778,19.89,44.79,18.89,43.7,17.29,51.59,5.53,86.56,17.89,43.2,18.815,52.25,17.0,47.26,5.53333333333333,747.9333333333329,85.3333333333333,8.0,31.3333333333333,3.2333333333333294,35.58719338616356,35.58719338616356,0,20
2016-01-13 00:50:00,40,0,19.39,43.4,18.6428571428571,43.4285714285714,19.823333333333295,44.73,18.89,43.76,17.29,51.7,5.5,87.4566666666667,17.89,43.4271428571429,18.875714285714295,52.3214285714286,17.0,47.433333333333294,5.41666666666667,748.0666666666668,86.6666666666667,8.0,29.166666666666696,3.36666666666667,19.44525499129668,19.44525499129668,0,40
2016-01-13 01:00:00,50,0,19.323333333333295,43.4666666666667,18.6,43.46,19.79,44.7,18.89,43.79,17.29,51.7,5.56,86.33,17.89,43.59,18.7514285714286,52.29,17.0,47.56,5.3,748.2,88.0,8.0,27.0,3.5,5.043656309135257,5.043656309135257,0,50
2016-01-13 01:10:00,60,0,19.29,43.5,18.6,43.5,19.79,44.76,18.89,43.8266666666667,17.29,51.73,5.5,86.32666666666668,17.89,43.59,18.7,52.433333333333294,17.0333333333333,47.7666666666667,5.3,748.3166666666668,88.5,8.0,26.0,3.56666666666667,46.36510442942381,46.36510442942381,0,60
2016-01-13 01:20:00,50,0,19.29,43.56,18.6,43.56,19.79,44.79,18.89,43.9,17.29,51.79,5.43333333333333,87.46666666666668,17.89,43.6633333333333,18.7,52.6333333333333,17.0333333333333,47.9666666666667,5.3,748.4333333333329,89.0,8.0,25.0,3.6333333333333298,14.16162501554936,14.16162501554936,0,50
2016-01-13 01:30:00,40,0,19.29,43.59,18.588888888888896,43.59,19.8566666666667,44.863333333333294,18.79,43.9,17.29,51.9,5.4,89.32666666666668,17.89,43.8622222222222,18.7,53.1733333333333,17.0,48.1566666666667,5.3,748.5499999999998,89.5,8.0,24.0,3.7,29.528657940682024,29.528657940682024,0,40
2016-01-13 01:40:00,40,0,19.29,43.59,18.5,43.59,19.89,44.9,18.79,43.9,17.29,51.9,5.4,89.97,17.89,44.0,18.7,53.4666666666667,17.0,48.363333333333294,5.3,748.6666666666669,90.0,8.0,23.0,3.7666666666666706,5.518030247185379,5.518030247185379,0,40
2016-01-13 01:50:00,50,0,19.29,43.7,18.5,43.635833333333295,19.89,44.9,18.79,43.933333333333294,17.29,51.933333333333294,5.4,89.8333333333333,17.89,44.365,18.7,54.00625,17.1,48.6566666666667,5.3,748.783333333333,90.5,8.0,22.0,3.8333333333333295,42.02535160584375,42.02535160584375,0,50
2016-01-13 02:00:00,40,0,19.29,43.76,18.5,43.68625,19.89,44.9,18.79,44.0,17.29,52.0,5.4,89.26333333333329,17.979375,44.679375,18.7,54.55714285714289,17.0333333333333,48.79,5.3,748.9,91.0,8.0,21.0,3.9,15.89818422216922,15.89818422216922,0,40
2016-01-13 02:10:00,40,0,19.2,43.7,18.5,43.7,19.89,44.9666666666667,18.79,44.0,17.29,52.03,5.46666666666667,89.18999999999998,18.0,44.755,18.705,54.8477777777778,17.1,48.963333333333296,5.3333333333333295,749.0833333333329,90.6666666666667,8.0,21.5,3.8833333333333298,39.14256684947759,39.14256684947759,0,40
2016-01-13 02:20:00,50,0,19.2,43.76,18.5,43.775,19.89,45.0,18.79,44.06,17.23,52.03,5.5,88.3933333333333,18.0,44.765,18.75,55.0,17.1,49.09,5.36666666666667,749.266666666667,90.3333333333333,8.0,22.0,3.86666666666667,13.37541036773473,13.37541036773473,0,50
2016-01-13 02:30:00,50,0,19.2,43.79,18.5,43.845,19.89,45.0,18.76,44.09,17.26,52.09,5.56,87.32666666666668,18.0,44.69388888888889,18.705,54.9444444444444,17.1,49.23,5.4,749.45,90.0,8.0,22.5,3.85,10.932264244183896,10.932264244183896,0,50
2016-01-13 02:40:00,50,0,19.2,43.863333333333294,18.5,43.9,19.89,45.0,18.7,44.09,17.26,52.1633333333333,5.59,86.06,18.0,44.68166666666671,18.73,54.9611111111111,17.1,49.3175,5.43333333333333,749.6333333333331,89.6666666666667,8.0,23.0,3.8333333333333295,25.839841819833964,25.839841819833964,0,50
2016-01-13 02:50:00,40,0,19.2,43.9,18.4830769230769,43.8619230769231,19.963333333333296,45.0,18.7,44.1266666666667,17.2,52.09,5.65666666666667,86.0,18.0,44.6083333333333,18.765,54.8816666666667,17.1,49.4666666666667,5.46666666666667,749.8166666666668,89.3333333333333,8.0,23.5,3.8166666666666704,13.447529601398855,13.447529601398855,0,40
2016-01-13 03:00:00,30,0,19.1,43.933333333333294,18.4938888888889,43.79,19.89,45.03,18.7,44.1266666666667,17.2,52.1633333333333,5.69,85.3333333333333,18.0,44.7144444444444,18.74,54.765,17.1,49.53,5.5,750.0,89.0,8.0,24.0,3.8,9.058416367042808,9.058416367042808,0,30
2016-01-13 03:10:00,20,0,19.1,44.0,18.4205555555556,43.808333333333294,19.89,45.0675,18.7,44.1266666666667,17.2,52.23,5.69,85.06,18.0111111111111,44.785,18.725,54.6572222222222,17.1,49.59,5.48333333333333,750.2,89.0,8.0,24.0,3.7833333333333297,25.928806874435395,25.928806874435395,0,20
2016-01-13 03:20:00,20,0,19.1,44.0,18.3961111111111,43.7961111111111,19.89,45.0,18.7,44.2,17.2,52.29,5.69,84.76,18.033333333333296,44.755,18.71,54.545,17.1,49.59,5.46666666666667,750.4,89.0,8.0,24.0,3.7666666666666706,28.13914678990841,28.13914678990841,0,20
2016-01-13 03:30:00,20,0,19.1,44.0,18.39,43.79,19.89,45.0,18.7,44.2,17.2,52.29,5.69,84.6333333333333,18.061111111111096,44.7944444444444,18.73,54.4327777777778,17.1,49.6633333333333,5.45,750.6,89.0,8.0,24.0,3.75,6.457842723466456,6.457842723466456,0,20
2016-01-13 03:40:00,50,0,19.1,44.09,18.39,43.79,19.823333333333295,44.933333333333294,18.7,44.2,17.2,52.4,5.72666666666667,83.1966666666667,18.0277777777778,44.6944444444444,18.715,54.2922222222222,17.1,49.7,5.43333333333333,750.7999999999998,89.0,8.0,24.0,3.7333333333333294,12.818380200769752,12.818380200769752,0,50
2016-01-13 03:50:00,50,0,19.1,44.09,18.3718181818182,43.84,19.79,44.933333333333294,18.6333333333333,44.1266666666667,17.2,52.4,5.8,82.2566666666667,18.0,44.6572222222222,18.725,54.205,17.1,49.76,5.41666666666667,751.0,89.0,8.0,24.0,3.7166666666666694,35.8967637992464,35.8967637992464,0,50
2016-01-13 04:00:00,50,0,19.033333333333296,44.03,18.307647058823495,43.9,19.79,45.0,18.6333333333333,44.2,17.2,52.433333333333294,5.8333333333333295,80.98999999999998,18.0,44.6694444444444,18.7,54.1492307692308,17.1,49.79,5.4,751.2,89.0,8.0,24.0,3.7,48.07049682131037,48.07049682131037,0,50
2016-01-13 04:10:00,40,0,19.033333333333296,44.09,18.3429411764706,43.9,19.823333333333295,45.03,18.6,44.145,17.2,52.5,5.8333333333333295,80.1966666666667,18.05,44.6633333333333,18.724545454545495,54.09,17.1,49.79,5.36666666666667,751.3166666666668,89.1666666666667,8.0,23.666666666666696,3.6833333333333296,5.007042328361422,5.007042328361422,0,40
2016-01-13 04:20:00,40,0,19.0,44.09,18.34,43.91666666666671,19.823333333333295,45.03,18.6,44.1266666666667,17.2,52.5,5.8,80.14,18.0,44.6877777777778,18.74,54.09,17.2,49.9,5.3333333333333295,751.4333333333329,89.3333333333333,8.0,23.3333333333333,3.6666666666666705,38.16113447537646,38.16113447537646,0,40
2016-01-13 04:30:00,50,0,19.0,44.09,18.29,43.9055555555556,19.89,45.06,18.6,44.2,17.2,52.5,5.763333333333329,79.73,18.0,44.7811111111111,18.725,54.015,17.2,49.9,5.3,751.5499999999998,89.5,8.0,23.0,3.65,47.39831773331389,47.39831773331389,0,50
2016-01-13 04:40:00,40,0,19.0,44.09,18.29,43.9,19.89,45.06,18.533333333333296,44.2,17.2,52.59,5.6233333333333295,79.8633333333333,18.0277777777778,44.9155555555556,18.7,53.9277777777778,17.2,49.9666666666667,5.26666666666667,751.6666666666669,89.6666666666667,8.0,22.666666666666696,3.6333333333333298,40.931734419427805,40.931734419427805,0,40
2016-01-13 04:50:00,50,0,19.0,44.1633333333333,18.29,43.9388888888889,19.89,45.06,18.6,44.2,17.2,52.59,5.6233333333333295,80.0266666666667,18.0277777777778,44.95,18.7,53.8572222222222,17.2,49.9666666666667,5.23333333333333,751.783333333333,89.8333333333333,8.0,22.3333333333333,3.61666666666667,15.414616535417736,15.414616535417736,0,50
2016-01-13 05:00:00,50,0,18.963333333333296,44.2,18.273125,43.98125,19.89,45.06,18.566666666666695,44.2,17.2,52.59,5.69,79.6333333333333,18.0125,44.891875,18.7,53.784375,17.2,50.0,5.2,751.9,90.0,8.0,22.0,3.6,32.47897302499041,32.47897302499041,0,50
2016-01-13 05:10:00,50,0,18.89,44.2,18.29,44.0,19.89,45.09,18.5,44.2,17.2,52.6633333333333,5.56,78.83,18.0,44.834,18.7,53.7257142857143,17.2,50.06,5.16666666666667,752.0499999999998,90.0,7.8333333333333295,22.166666666666696,3.56666666666667,47.667772555723786,47.667772555723786,0,50
2016-01-13 05:20:00,40,0,18.89,44.2,18.245,44.0,19.89,45.09,18.5,44.2,17.1,52.7,5.43333333333333,78.43,18.0,44.9,18.7,53.6633333333333,17.2,50.1266666666667,5.133333333333329,752.2,90.0,7.666666666666669,22.3333333333333,3.53333333333333,47.68663250142709,47.68663250142709,0,40
2016-01-13 05:30:00,40,0,18.89,44.2,18.2,44.0,19.963333333333296,45.09,18.5,44.2,17.1666666666667,52.7,5.22666666666667,78.8233333333333,18.0,44.945454545454496,18.7,53.59,17.2,50.2,5.1,752.35,90.0,7.5,22.5,3.5,16.99896017089486,16.99896017089486,0,40
2016-01-13 05:40:00,50,0,18.89,44.23,18.2,44.0,19.89,45.09,18.5,44.2,17.2,52.79,5.36666666666667,78.9633333333333,18.0,45.0671428571429,18.7,53.5,17.2,50.2,5.06666666666667,752.5,90.0,7.3333333333333295,22.666666666666696,3.4666666666666694,13.123705505859107,13.123705505859107,0,50
2016-01-13 05:50:00,20,0,18.89,44.29,18.2,44.0,19.9266666666667,45.09,18.5,44.2,17.2,52.79,5.5,78.6333333333333,18.0,45.2409090909091,18.7,53.42,17.2,50.2,5.03333333333333,752.65,90.0,7.16666666666667,22.8333333333333,3.43333333333333,8.272696658968925,8.272696658968925,0,20
2016-01-13 06:00:00,20,0,18.89,44.29,18.2,44.0,19.9266666666667,45.03,18.463333333333296,44.1633333333333,17.1666666666667,52.79,5.56,78.3666666666667,18.0055555555556,45.3016666666667,18.7,53.3870588235294,17.2,50.26,5.0,752.7999999999998,90.0,7.0,23.0,3.4,16.108402831014246,16.108402831014246,0,20
2016-01-13 06:10:00,50,0,18.865,44.365,18.2,44.0,19.89,45.06,18.463333333333296,44.1633333333333,17.1333333333333,52.79,5.59,78.59999999999998,18.033333333333296,45.3966666666667,18.7,53.2984615384615,17.2,50.3266666666667,5.01666666666667,752.983333333333,89.8333333333333,6.8333333333333295,25.8333333333333,3.4,25.50626032752916,25.50626032752916,0,50
2016-01-13 06:20:00,30,10,18.79,44.723333333333294,18.2,44.0666666666667,19.815,44.82,18.39,44.1266666666667,17.1,52.79,5.59,78.9333333333333,18.0571428571429,45.55,18.7,53.29,17.2,50.3266666666667,5.03333333333333,753.1666666666669,89.6666666666667,6.66666666666667,28.666666666666696,3.4,46.19842356769368,46.19842356769368,0,30
2016-01-13 06:30:00,50,10,18.89,45.03,18.2,44.29375,19.73,44.6266666666667,18.39,44.1266666666667,17.1666666666667,53.323333333333295,5.59,79.15999999999998,18.0714285714286,45.5257142857143,18.6818181818182,53.2536363636364,17.2,50.29,5.05,753.35,89.5,6.5,31.5,3.4,25.547984917648137,25.547984917648137,0,50
2016-01-13 06:40:00,50,10,18.89,45.09,18.1727272727273,44.4163636363636,19.7,44.59,18.39,44.09,18.85,84.9,5.53,79.29999999999998,18.0,45.1725,18.6272727272727,53.1645454545455,17.2,50.29,5.06666666666667,753.533333333333,89.3333333333333,6.3333333333333295,34.3333333333333,3.4,12.881063041277228,12.881063041277228,0,50
2016-01-13 06:50:00,200,0,18.89,45.0,18.1818181818182,44.5409090909091,19.7,44.53,18.39,44.1633333333333,18.76,84.79,5.53,79.46666666666668,18.05,46.0807142857143,18.6428571428571,53.2642857142857,17.2,50.3266666666667,5.0833333333333295,753.716666666667,89.1666666666667,6.16666666666667,37.16666666666669,3.4,2.323044347576797,2.323044347576797,0,200
2016-01-13 07:00:00,110,10,18.89,45.0,18.15,44.59,19.6,44.223333333333294,18.39,44.1633333333333,18.9666666666667,83.52333333333331,5.59,79.3333333333333,18.1,46.26333333333329,18.6,53.14,17.2,50.4,5.1,753.9,89.0,6.0,40.0,3.4,20.892812917009,20.892812917009,0,110
2016-01-13 07:10:00,80,10,18.79,44.6333333333333,18.1,44.1966666666667,19.533333333333296,43.83,18.39,44.09,19.76,73.52333333333331,5.59,79.34999999999998,18.1,45.6566666666667,18.6,52.8266666666667,17.2,50.223333333333294,5.0833333333333295,753.966666666667,89.1666666666667,5.8333333333333295,36.66666666666669,3.4,42.70007511368021,42.70007511368021,0,80
2016-01-13 07:20:00,50,0,18.79,44.5,18.1,43.9666666666667,19.5,43.9,18.39,44.09,19.3,66.79,5.59,79.4,18.0,44.83333333333329,18.6,52.3,17.2,49.963333333333296,5.06666666666667,754.033333333333,89.3333333333333,5.66666666666667,33.3333333333333,3.4,17.36153388628736,17.36153388628736,0,50
2016-01-13 07:30:00,50,0,18.79,44.59,18.05,43.845,19.5,43.9666666666667,18.39,43.9666666666667,18.89,63.09,5.59,79.59333333333329,17.945,44.295,18.55,51.895,17.2,49.6,5.05,754.1,89.5,5.5,30.0,3.4,6.57211602665484,6.57211602665484,0,50
2016-01-13 07:40:00,50,0,18.79,44.53,18.1,43.8175,19.5,44.0,18.323333333333295,43.9,18.615,59.863333333333294,5.59,79.8966666666667,17.89,43.158333333333296,18.5,51.4975,17.2,49.19333333333329,5.03333333333333,754.1666666666669,89.6666666666667,5.3333333333333295,26.666666666666696,3.4,18.72434322722256,18.72434322722256,0,50
2016-01-13 07:50:00,40,0,18.79,44.363333333333294,18.1,43.79,19.5,44.0,18.29,43.79,18.5,58.83,5.59,80.09,17.89,42.838125,18.5,51.0666666666667,17.1,48.7966666666667,5.01666666666667,754.233333333333,89.8333333333333,5.16666666666667,23.3333333333333,3.4,31.571011419873685,31.571011419873685,0,40
2016-01-13 08:00:00,40,0,18.79,44.23,18.0,43.645,19.5,43.9,18.29,43.79,18.3566666666667,57.8,5.59,79.8966666666667,17.89,42.514,18.5,50.9,17.1,48.463333333333296,5.0,754.2999999999998,90.0,5.0,20.0,3.4,19.50394668383524,19.50394668383524,0,40
2016-01-13 08:10:00,30,0,18.79,44.06,18.0,43.7,19.5,43.9,18.29,43.7,18.29,57.245,5.59,79.49666666666668,17.79,41.9666666666667,18.39,50.56,17.1,48.1,5.0,754.45,89.6666666666667,4.8333333333333295,21.5,3.36666666666667,34.481392439920455,34.481392439920455,0,30
2016-01-13 08:20:00,180,20,18.79,43.933333333333294,18.0,43.45,19.5,43.9666666666667,18.29,43.7,18.2225,56.4725,5.56,79.4,17.79,41.7666666666667,18.39,50.2925,17.1,47.8,5.0,754.6,89.3333333333333,4.66666666666667,23.0,3.3333333333333295,34.47067062370479,34.47067062370479,0,180
2016-01-13 08:30:00,350,30,18.79,43.9,18.0,43.363333333333294,19.4266666666667,43.7666666666667,18.23,43.6566666666667,18.2,55.8,5.5,79.4,17.76,41.43,18.39,50.03,17.1,47.4,5.0,754.75,89.0,4.5,24.5,3.3,27.745031157974157,27.745031157974157,0,350
2016-01-13 08:40:00,350,20,18.79,43.9,18.0,43.363333333333294,19.39,43.59,18.496666666666705,43.863333333333294,18.2,55.7333333333333,5.46666666666667,79.06,17.7,41.23,18.29,49.76,17.1,47.0666666666667,5.0,754.9,88.6666666666667,4.3333333333333295,26.0,3.2666666666666706,21.481220389250662,21.481220389250662,0,350
2016-01-13 08:50:00,300,30,18.79,44.0,18.0,43.4,19.39,43.59,18.823333333333295,44.0,18.26,56.66,5.4,79.1266666666667,17.7,41.0266666666667,18.29,49.6266666666667,17.0,46.723333333333294,5.0,755.0499999999998,88.3333333333333,4.16666666666667,27.5,3.2333333333333294,22.63600314036012,22.63600314036012,0,300
2016-01-13 09:00:00,400,20,18.8566666666667,44.06,18.066666666666695,43.4666666666667,19.39,43.59,19.03,44.0,18.29,56.66666666666671,5.5,79.1566666666667,17.7,40.8266666666667,18.29,49.363333333333294,17.0,46.42,5.0,755.2,88.0,4.0,29.0,3.2,15.322162944357842,15.322162944357842,0,400
2016-01-13 09:10:00,390,30,18.89,44.23,18.1333333333333,43.59,19.463333333333296,43.6633333333333,19.46,44.06,18.29,56.4666666666667,5.5,79.09,17.7,40.645,18.29,49.23,17.0,46.1566666666667,5.0,755.3166666666668,88.0,4.16666666666667,30.8333333333333,3.18333333333333,28.917697200085968,28.917697200085968,0,390
2016-01-13 09:20:00,290,30,18.9975,44.3975,18.26,43.6633333333333,19.5,43.7,19.726666666666695,43.933333333333294,18.2,55.79,5.59,78.9933333333333,17.73,41.66666666666671,18.26,49.1333333333333,17.0,45.863333333333294,5.0,755.4333333333329,88.0,4.3333333333333295,32.66666666666669,3.16666666666667,45.51851521246135,45.51851521246135,0,290
2016-01-13 09:30:00,60,30,19.1,44.5,18.323333333333295,43.5,19.5,43.7,20.066666666666695,43.6633333333333,18.1333333333333,55.73,5.59,78.65999999999998,17.8566666666667,42.2666666666667,18.2,48.933333333333294,17.0,45.73,5.0,755.5499999999998,88.0,4.5,34.5,3.15,7.130204106215388,7.130204106215388,0,60
2016-01-13 09:40:00,70,20,19.1333333333333,44.5,18.463333333333296,43.5,19.4266666666667,43.6266666666667,20.2,43.2566666666667,18.1,55.49,5.59,79.46666666666668,17.79,42.4666666666667,18.26,49.1633333333333,17.0,45.4666666666667,5.0,755.6666666666669,88.0,4.66666666666667,36.33333333333329,3.13333333333333,20.75238126562908,20.75238126562908,0,70
2016-01-13 09:50:00,110,30,19.2,44.36,18.533333333333296,43.43,19.463333333333296,43.6633333333333,20.1666666666667,43.0266666666667,18.033333333333296,55.1566666666667,5.59,79.9933333333333,17.73,42.2666666666667,18.26,49.223333333333294,17.0,45.5266666666667,5.0,755.783333333333,88.0,4.8333333333333295,38.16666666666669,3.11666666666667,10.546287533361465,10.546287533361465,0,110
2016-01-13 10:00:00,90,20,19.2,44.06,18.6,43.23,19.39,43.59,20.1,42.7666666666667,18.0,54.69,5.45,80.39,17.7,41.93,18.26,49.5266666666667,17.1,46.3,5.0,755.9,88.0,5.0,40.0,3.1,21.43751854309812,21.43751854309812,0,90
2016-01-13 10:10:00,60,20,19.2,44.06,18.6,43.1566666666667,19.39,43.6266666666667,20.1,42.7,17.9633333333333,54.53,5.53,80.9333333333333,17.7,41.6566666666667,18.2,49.2666666666667,17.1,47.1,5.0833333333333295,756.033333333333,86.8333333333333,5.0,38.16666666666669,2.9833333333333294,6.634498760104179,6.634498760104179,0,60
2016-01-13 10:20:00,70,20,19.2,44.09,18.6666666666667,43.43,19.463333333333296,43.76,20.1,42.7,17.89,54.53,5.65666666666667,80.7266666666667,17.6666666666667,41.2966666666667,18.15,48.995,17.1,47.06,5.16666666666667,756.1666666666669,85.6666666666667,5.0,36.33333333333329,2.86666666666667,23.004822293296456,23.004822293296456,0,70
2016-01-13 10:30:00,80,20,19.2,44.1633333333333,18.7,43.93,19.5,43.8266666666667,20.05,42.6,17.89,54.33333333333329,5.72666666666667,79.8933333333333,17.6,41.03,18.1,48.6633333333333,17.1,46.86,5.25,756.2999999999998,84.5,5.0,34.5,2.75,47.14785296237096,47.14785296237096,0,80
2016-01-13 10:40:00,60,0,19.23,44.39,18.76,43.863333333333294,19.5,43.9,20.0,42.3266666666667,17.89,54.2,5.86666666666667,77.09999999999998,17.6,40.723333333333294,18.1,48.463333333333296,17.0,46.5266666666667,5.3333333333333295,756.4333333333329,83.3333333333333,5.0,32.66666666666669,2.63333333333333,38.09869308024645,38.09869308024645,0,60
2016-01-13 10:50:00,40,10,19.29,44.7966666666667,18.79,44.0,19.5,44.0,19.9266666666667,42.4,17.8566666666667,54.0266666666667,5.9,74.8666666666667,17.6,40.463333333333296,18.1,48.1633333333333,17.0,46.19333333333329,5.41666666666667,756.5666666666668,82.1666666666667,5.0,30.8333333333333,2.5166666666666706,46.64549144217744,46.64549144217744,0,40
2016-01-13 11:00:00,30,10,19.29,45.1633333333333,18.79,44.0,19.5,44.0,19.8566666666667,42.0266666666667,17.79,53.9,5.9,75.7266666666667,17.5666666666667,40.26,18.033333333333296,47.89,17.0,45.863333333333294,5.5,756.7,81.0,5.0,29.0,2.4,23.533924878574908,23.533924878574908,0,30
2016-01-13 11:10:00,70,10,19.23,45.03,18.7,43.145,19.39,43.5,19.79,41.8266666666667,17.76,53.76,5.93333333333333,76.0,17.5,40.1266666666667,18.0,47.7,17.0,45.6566666666667,5.5833333333333295,756.783333333333,80.1666666666667,5.16666666666667,30.8333333333333,2.35,30.17940338468179,30.17940338468179,0,70
2016-01-13 11:20:00,50,10,19.29,45.7333333333333,18.7,43.06,19.39,43.36,19.7,41.7666666666667,17.7,53.5666666666667,6.06,76.1266666666667,17.5,40.0,18.0,47.5666666666667,16.9633333333333,45.4666666666667,5.66666666666667,756.866666666667,79.3333333333333,5.3333333333333295,32.66666666666669,2.3,24.249484029132873,24.249484029132873,0,50
2016-01-13 11:30:00,80,10,19.29,45.1266666666667,18.7,43.0,19.323333333333295,43.4,19.6333333333333,42.1,17.73,53.363333333333294,6.22666666666667,75.2933333333333,17.5,39.933333333333294,18.0,47.4666666666667,16.89,45.2666666666667,5.75,756.95,78.5,5.5,34.5,2.25,5.440315825399011,5.440315825399011,0,80
2016-01-13 11:40:00,80,10,19.2,44.83333333333329,18.7,43.06,19.39,43.5266666666667,19.6,42.86,17.73,53.1566666666667,6.3,73.56,17.5,39.76,18.0,47.3266666666667,16.89,44.93,5.8333333333333295,757.033333333333,77.6666666666667,5.66666666666667,36.33333333333329,2.2,12.386341649107637,12.386341649107637,0,80
2016-01-13 11:50:00,50,0,19.2,44.7,18.6333333333333,42.933333333333294,19.39,43.6566666666667,19.6,43.6,17.7,52.9666666666667,6.53,71.8,17.5,39.6266666666667,17.9633333333333,47.1633333333333,16.89,44.6566666666667,5.91666666666667,757.116666666667,76.8333333333333,5.8333333333333295,38.16666666666669,2.15,24.925726535730064,24.925726535730064,0,50
2016-01-13 12:00:00,40,0,19.2,44.9,18.6,42.83333333333329,19.39,43.93,19.566666666666695,43.5266666666667,17.7,52.8266666666667,6.65666666666667,69.9333333333333,17.5,39.4666666666667,17.9633333333333,47.03,16.89,44.223333333333294,6.0,757.2,76.0,6.0,40.0,2.1,18.643335404340178,18.643335404340178,0,40
2016-01-13 12:10:00,50,0,19.2,44.69333333333329,18.6,42.16666666666671,19.463333333333296,43.96,19.4266666666667,43.2666666666667,17.6333333333333,52.6266666666667,6.72666666666667,67.36,17.4266666666667,39.2666666666667,17.89,46.863333333333294,16.89,43.8975,5.91666666666667,757.283333333333,76.3333333333333,5.8333333333333295,38.16666666666669,2.06666666666667,46.73456851160154,46.73456851160154,0,50
2016-01-13 12:20:00,40,0,19.2,43.6,18.5,41.79,19.39,43.6266666666667,19.39,42.863333333333294,17.6333333333333,52.5666666666667,6.86666666666667,65.9666666666667,17.445,39.1,17.89,46.73,16.89,43.5666666666667,5.8333333333333295,757.366666666667,76.6666666666667,5.66666666666667,36.33333333333329,2.03333333333333,26.199303893372416,26.199303893372416,0,40
2016-01-13 12:30:00,40,0,19.2,43.12,18.5,41.73,19.39,43.59,19.39,42.6566666666667,17.6,52.223333333333294,6.8,64.6333333333333,17.5,38.863333333333294,17.89,46.4666666666667,16.89,43.33333333333329,5.75,757.45,77.0,5.5,34.5,2.0,15.857233584392816,15.857233584392816,0,40
2016-01-13 12:40:00,50,0,19.1333333333333,42.7666666666667,18.5,41.6633333333333,19.365,43.5225,19.29,42.363333333333294,17.6,52.03,6.86666666666667,64.9,17.5,38.79,17.89,46.3266666666667,16.89,43.0666666666667,5.66666666666667,757.533333333333,77.3333333333333,5.3333333333333295,32.66666666666669,1.9666666666666697,13.89830147381872,13.89830147381872,0,50
2016-01-13 12:50:00,30,0,19.1666666666667,42.4666666666667,18.5,41.53,19.3566666666667,43.433333333333294,19.29,42.23,17.6,51.83333333333329,7.045,63.34,17.5,38.6633333333333,17.89,46.1633333333333,16.89,42.863333333333294,5.5833333333333295,757.616666666667,77.6666666666667,5.16666666666667,30.8333333333333,1.93333333333333,39.37702538678423,39.37702538678423,0,30
2016-01-13 13:00:00,30,0,19.1,42.2666666666667,18.5,41.363333333333294,19.29,43.26,19.2,41.863333333333294,17.6,51.6266666666667,6.93333333333333,62.0266666666667,17.4266666666667,38.463333333333296,17.89,46.03,16.89,42.73,5.5,757.7,78.0,5.0,29.0,1.9,35.12312562670559,35.12312562670559,0,30
2016-01-13 13:10:00,20,0,19.1,42.09,18.5,41.29,19.29,43.1266666666667,19.2,41.79,17.5,51.45,6.93333333333333,61.893333333333295,17.39,38.26,17.8566666666667,45.863333333333294,16.89,42.4666666666667,5.73333333333333,757.6833333333329,76.8333333333333,5.0,28.666666666666696,1.9,8.251381933223456,8.251381933223456,0,20
2016-01-13 13:20:00,20,0,19.1,41.963333333333296,18.463333333333296,41.1633333333333,19.29,43.0,19.1666666666667,41.7,17.5,51.223333333333294,7.0,62.19333333333329,17.39,38.2,17.79,45.73,16.89,42.3266666666667,5.96666666666667,757.6666666666669,75.6666666666667,5.0,28.3333333333333,1.9,3.2228769385255878,3.2228769385255878,0,20
2016-01-13 13:30:00,50,0,19.066666666666695,41.76,18.39,41.03,19.29,42.933333333333294,19.1,41.7,17.5,51.03,7.12666666666667,62.4666666666667,17.4266666666667,38.1266666666667,17.79,45.545,16.89,42.29,6.2,757.65,74.5,5.0,28.0,1.9,37.73528108140454,37.73528108140454,0,50
2016-01-13 13:40:00,40,0,19.0,41.6266666666667,18.39,40.9,19.29,42.9,19.1,41.79,17.5,50.863333333333294,7.19,61.9666666666667,17.4266666666667,38.0666666666667,17.79,45.4666666666667,16.89,42.29,6.43333333333333,757.6333333333331,73.3333333333333,5.0,27.666666666666696,1.9,31.02050165180117,31.02050165180117,0,40
2016-01-13 13:50:00,50,0,19.0,41.56,18.39,40.8266666666667,19.23,42.8266666666667,19.1,41.79,17.5,50.73,6.99666666666667,59.893333333333295,17.5,37.9666666666667,17.8566666666667,45.4,16.89,42.29,6.66666666666667,757.616666666667,72.1666666666667,5.0,27.3333333333333,1.9,8.478838333394378,8.478838333394378,0,50
2016-01-13 14:00:00,40,0,19.0,41.433333333333294,18.39,40.7,19.26,42.863333333333294,19.1,41.79,17.5,50.59,6.46666666666667,59.76333333333329,17.4266666666667,37.7666666666667,17.79,45.223333333333294,16.89,42.1566666666667,6.9,757.6,71.0,5.0,27.0,1.9,3.1107026152312756,3.1107026152312756,0,40
2016-01-13 14:10:00,60,0,19.0,41.29,18.39,40.6266666666667,19.2,42.79,19.0,41.7,17.5,50.463333333333296,6.3333333333333295,61.0966666666667,17.4266666666667,37.7,17.79,45.09,16.89,41.9,6.8,757.5499999999998,70.6666666666667,5.16666666666667,29.166666666666696,1.75,5.4514634306542575,5.4514634306542575,0,60
2016-01-13 14:20:00,40,0,19.0,41.29,18.39,40.495,19.26,42.76,19.0,41.7,17.39,50.223333333333294,6.6,61.76333333333329,17.5,37.6266666666667,17.8233333333333,45.09,16.8233333333333,41.8266666666667,6.7,757.5,70.3333333333333,5.3333333333333295,31.3333333333333,1.6,19.08581758616492,19.08581758616492,0,40
2016-01-13 14:30:00,40,0,19.0,41.2,18.39,40.4,19.26,42.7,19.0,41.59,17.39,50.09,6.93333333333333,61.03,17.6333333333333,37.59,17.89,44.89,16.89,41.9,6.6,757.45,70.0,5.5,33.5,1.45,8.465545729268342,8.465545729268342,0,40
2016-01-13 14:40:00,50,0,19.0,41.1266666666667,18.39,40.3266666666667,19.29,42.6633333333333,19.0,41.59,17.39,50.0,7.2933333333333294,58.7333333333333,17.76,37.463333333333296,18.0,44.6333333333333,16.89,41.9,6.5,757.4,69.6666666666667,5.66666666666667,35.66666666666669,1.3,14.93262710282579,14.93262710282579,0,50
2016-01-13 14:50:00,40,0,19.033333333333296,41.1266666666667,18.4266666666667,40.2,19.29,42.59,19.033333333333296,41.5,17.39,49.86,7.7,56.4,17.9266666666667,37.26,18.0,44.36,16.89,41.76,6.4,757.35,69.3333333333333,5.8333333333333295,37.83333333333329,1.15,9.610476752277464,9.610476752277464,0,40
2016-01-13 15:00:00,40,0,19.1,41.1266666666667,18.5,40.1266666666667,19.29,42.56,19.1,41.36,17.39,49.76,7.9,52.69333333333329,18.066666666666695,37.0666666666667,18.1333333333333,44.1333333333333,16.89,41.7,6.3,757.2999999999998,69.0,6.0,40.0,1.0,12.858501065056773,12.858501065056773,0,40
2016-01-13 15:10:00,30,0,19.1333333333333,41.0,18.5,40.06,19.29,42.5,19.1,41.1333333333333,17.39,49.6266666666667,7.8333333333333295,53.36,18.29,36.723333333333294,18.26,43.933333333333294,16.89,41.5266666666667,6.31666666666667,757.3166666666668,68.0,5.66666666666667,40.0,0.8166666666666669,9.061591140925884,9.061591140925884,0,30
2016-01-13 15:20:00,30,0,19.2,40.933333333333294,18.5,40.0,19.29,42.5,19.1,41.0,17.39,49.4666666666667,7.866666666666669,53.05666666666671,18.3566666666667,36.463333333333296,18.39,43.6333333333333,16.89,41.3175,6.3333333333333295,757.3333333333329,67.0,5.3333333333333295,40.0,0.633333333333333,23.865685483906415,23.865685483906415,0,30
2016-01-13 15:30:00,30,0,19.2,40.76,18.6333333333333,39.9,19.3566666666667,42.433333333333294,19.1333333333333,40.863333333333294,17.39,49.4,7.72666666666667,51.863333333333294,18.445,36.145,18.463333333333296,43.433333333333294,16.89,41.23,6.35,757.35,66.0,5.0,40.0,0.45,38.53685214417055,38.53685214417055,0,30
2016-01-13 15:40:00,40,0,19.2675,40.745,18.7,39.8266666666667,19.29,42.29,19.2,40.6566666666667,17.39,49.26,7.69,52.245,18.6333333333333,35.8633333333333,18.533333333333296,43.1333333333333,17.0,41.1333333333333,6.36666666666667,757.366666666667,65.0,4.66666666666667,40.0,0.266666666666667,1.3893561204895375,1.3893561204895375,0,40
2016-01-13 15:50:00,80,0,19.29,40.5666666666667,18.73,39.56,19.29,42.1333333333333,19.29,40.5,17.39,49.1266666666667,7.626666666666669,51.823333333333295,18.7,35.73,18.6666666666667,43.0,17.0,41.0,6.383333333333329,757.3833333333331,64.0,4.3333333333333295,40.0,0.0833333333333333,26.36553884949535,26.36553884949535,0,80
2016-01-13 16:00:00,70,0,19.39,40.53,18.79,39.5,19.29,42.0,19.29,40.5,17.39,49.09,7.43333333333333,52.0966666666667,18.823333333333295,35.9333333333333,18.7633333333333,43.3266666666667,17.0,41.1266666666667,6.4,757.4,63.0,4.0,40.0,-0.1,44.01595344534144,44.01595344534144,0,70
2016-01-13 16:10:00,80,0,19.39,40.59,18.79,39.6266666666667,19.29,42.0,19.29,40.363333333333294,17.39,49.09,7.15666666666667,52.1333333333333,18.963333333333296,36.0,18.89,43.4666666666667,17.0666666666667,41.2,6.16666666666667,757.3833333333331,64.3333333333333,3.8333333333333295,40.0,-0.0666666666666667,18.653168599121273,18.653168599121273,0,80
2016-01-13 16:20:00,70,0,19.39,40.6266666666667,18.79,39.7,19.29,41.933333333333294,19.29,40.29,17.39,49.0,7.03,52.5266666666667,18.89,36.1266666666667,19.0,43.73,17.0666666666667,41.06,5.93333333333333,757.366666666667,65.6666666666667,3.6666666666666705,40.0,-0.0333333333333333,2.397956582717597,2.397956582717597,0,70
2016-01-13 16:30:00,80,0,19.39,40.7,18.79,39.7,19.29,42.0,19.2,40.2,17.39,49.0,6.7,52.63,18.89,36.7333333333333,19.066666666666695,43.93,17.0,40.933333333333294,5.7,757.35,67.0,3.5,40.0,0.0,6.931412336416543,6.931412336416543,0,80
2016-01-13 16:40:00,80,0,19.323333333333295,40.73,18.79,39.76,19.29,42.0,19.1333333333333,40.1266666666667,17.39,49.0,6.36666666666667,53.7566666666667,18.89,37.463333333333296,19.05,44.045,17.0,40.76,5.46666666666667,757.3333333333329,68.3333333333333,3.3333333333333295,40.0,0.0333333333333333,16.074606019537896,16.074606019537896,0,80
2016-01-13 16:50:00,100,0,19.39,40.863333333333294,18.7,39.79,19.29,42.0,19.1,40.09,17.29,48.9,5.93333333333333,54.823333333333295,18.89,37.53,19.1,44.23,17.0,40.7,5.23333333333333,757.3166666666668,69.6666666666667,3.16666666666667,40.0,0.0666666666666667,7.741580565925687,7.741580565925687,0,100
2016-01-13 17:00:00,90,0,19.3566666666667,40.79,18.7,39.73,19.29,42.0,19.066666666666695,40.0266666666667,17.29,48.9,5.66,55.6966666666667,18.79,37.19333333333329,19.1,44.29,17.0,40.56,5.0,757.2999999999998,71.0,3.0,40.0,0.1,6.611408607568592,6.611408607568592,0,90
2016-01-13 17:10:00,100,10,19.29,40.73,18.7,39.76,19.29,42.03,19.0,39.9,17.29,48.9,5.33,57.1333333333333,18.73,36.86,19.1333333333333,44.3266666666667,17.0,40.433333333333294,4.78333333333333,757.2999999999998,72.0,3.0,40.0,0.0833333333333333,11.065296386368573,11.065296386368573,0,100
2016-01-13 17:20:00,90,0,19.29,40.6633333333333,18.7,39.7,19.29,42.09,19.0,39.933333333333294,17.29,48.9,5.06333333333333,57.8,18.6666666666667,36.43,19.2,44.4,17.0,40.26,4.56666666666667,757.2999999999998,73.0,3.0,40.0,0.0666666666666667,11.31903980858624,11.31903980858624,0,90
2016-01-13 17:30:00,110,0,19.29,40.6633333333333,18.7,39.7,19.29,42.06,19.0,40.0,17.29,48.79,4.62666666666667,59.4233333333333,18.6,36.23,19.29,44.53,17.0,40.1266666666667,4.35,757.2999999999998,74.0,3.0,40.0,0.05,6.57082669204101,6.57082669204101,0,110
2016-01-13 17:40:00,90,10,19.29,40.79,18.7,39.7,19.29,42.0,18.89,40.0,17.29,48.79,4.36666666666667,60.6966666666667,18.5,36.0266666666667,19.3566666666667,44.6633333333333,16.89,40.03,4.133333333333329,757.2999999999998,75.0,3.0,40.0,0.0333333333333333,49.07817301573232,49.07817301573232,0,90
2016-01-13 17:50:00,100,0,19.29,40.73,18.7,39.76,19.29,42.03,18.89,40.0,17.29,48.79,3.9666666666666694,63.0266666666667,18.4266666666667,35.8266666666667,19.4266666666667,44.73,16.89,40.09,3.9166666666666705,757.2999999999998,76.0,3.0,40.0,0.0166666666666667,16.3506863405928,16.3506863405928,0,100
2016-01-13 18:00:00,100,10,19.29,40.79,18.7,39.8266666666667,19.29,42.09,18.89,40.1266666666667,17.29,48.73,3.82666666666667,65.7666666666667,18.39,35.76,19.566666666666695,44.73,16.89,40.06,3.7,757.2999999999998,77.0,3.0,40.0,0.0,25.34697485389188,25.34697485389188,0,100
2016-01-13 18:10:00,110,0,19.29,40.73,18.7,39.9,19.23,41.933333333333294,18.823333333333295,40.0666666666667,17.29,48.7,3.7233333333333296,67.2266666666667,18.323333333333295,35.76,19.6333333333333,44.7,16.89,40.0,3.53333333333333,757.2999999999998,79.0,3.0,38.16666666666669,0.166666666666667,34.072125738020986,34.072125738020986,0,110
2016-01-13 18:20:00,100,10,19.26,40.7,18.7,39.9,19.23,42.0,18.79,40.09,17.29,48.7,3.42,68.1475,18.29,35.79,19.7,44.7,16.8566666666667,39.9666666666667,3.36666666666667,757.2999999999998,81.0,3.0,36.33333333333329,0.333333333333333,4.958455159794539,4.958455159794539,0,100
2016-01-13 18:30:00,90,10,19.26,40.76,18.7,39.9666666666667,19.2,41.9666666666667,18.79,40.09,17.29,48.7,3.1566666666666694,69.23,18.23,35.79,19.76,44.79,16.865,39.9975,3.2,757.2999999999998,83.0,3.0,34.5,0.5,5.94512791140005,5.94512791140005,0,90
2016-01-13 18:40:00,90,10,19.29,40.9,18.7,40.0,19.2,41.9666666666667,18.79,40.09,17.23,48.6266666666667,2.86333333333333,70.8233333333333,18.2,35.79,19.76,44.863333333333294,16.89,40.09,3.03333333333333,757.2999999999998,85.0,3.0,32.66666666666669,0.666666666666667,2.5219829753041267,2.5219829753041267,0,90
2016-01-13 18:50:00,180,10,19.29,40.8266666666667,18.7,40.0,19.2,41.845,18.73,40.09,17.23,48.6266666666667,2.6566666666666694,71.42333333333329,18.2,36.0666666666667,19.79,44.933333333333294,16.79,39.9666666666667,2.86666666666667,757.2999999999998,87.0,3.0,30.8333333333333,0.8333333333333329,46.46269598742946,46.46269598742946,0,180
2016-01-13 19:00:00,140,0,19.29,41.15,18.79,40.09,19.2,41.7,18.7,40.09,17.23,48.7,2.4666666666666694,72.96666666666668,18.2,36.33333333333329,19.79,45.0,16.79,39.9666666666667,2.7,757.2999999999998,89.0,3.0,29.0,1.0,33.68561164243147,33.68561164243147,0,140
2016-01-13 19:10:00,100,10,19.323333333333295,42.1566666666667,18.79,40.09,19.2,41.76,18.7,40.1633333333333,17.26,48.79,2.4,74.6333333333333,18.2,36.29,19.79,45.09,16.79,40.0,2.78333333333333,757.233333333333,88.8333333333333,3.3333333333333295,29.0,1.06666666666667,4.742892773356289,4.742892773356289,0,100
2016-01-13 19:20:00,110,20,19.39,42.09666666666671,18.823333333333295,40.1566666666667,19.29,41.79,18.7,40.29,17.26,48.863333333333294,2.22333333333333,75.73,18.2,36.49,19.79,45.09,16.79,40.0,2.86666666666667,757.1666666666669,88.6666666666667,3.6666666666666705,29.0,1.13333333333333,24.629806040320545,24.629806040320545,0,110
2016-01-13 19:30:00,340,20,19.39,41.73,18.823333333333295,40.23,19.29,41.863333333333294,18.7,40.29,17.2,49.29,2.03,76.1966666666667,18.2,37.0,19.79,45.06,16.79,40.0,2.95,757.1,88.5,4.0,29.0,1.2,23.07759203249589,23.07759203249589,0,340
2016-01-13 19:40:00,380,20,19.39,41.6566666666667,18.89,40.4,19.29,42.03,18.6666666666667,40.363333333333294,18.1666666666667,74.7,1.8633333333333295,77.29,18.26,37.4666666666667,19.79,44.933333333333294,16.79,40.0,3.03333333333333,757.033333333333,88.3333333333333,4.3333333333333295,29.0,1.26666666666667,18.760826543439176,18.760826543439176,0,380
2016-01-13 19:50:00,210,30,19.39,41.59,18.89,40.4,19.29,42.1633333333333,18.6,40.3725,17.8933333333333,75.0333333333333,1.79,79.0966666666667,18.323333333333295,37.933333333333294,19.79,44.933333333333294,16.79,40.03,3.11666666666667,756.966666666667,88.1666666666667,4.66666666666667,29.0,1.33333333333333,49.55496097682044,49.55496097682044,0,210
2016-01-13 20:00:00,150,20,19.463333333333296,41.59,19.0,40.4,19.2,42.2,18.6,40.4666666666667,17.7,75.02333333333331,1.7,80.3633333333333,18.463333333333296,38.1333333333333,19.79,45.1175,16.73,40.1633333333333,3.2,756.9,88.0,5.0,29.0,1.4,8.817535685375331,8.817535685375331,0,150
2016-01-13 20:10:00,330,20,19.5,41.6,19.0,40.4,19.2,42.26,18.7,40.8,17.6333333333333,74.35666666666668,1.7,81.29666666666668,18.5,38.23,19.79,45.363333333333294,16.79,40.2,3.16666666666667,756.9,88.1666666666667,5.0,30.8333333333333,1.4,40.671760425902896,40.671760425902896,0,330
2016-01-13 20:20:00,420,20,19.5,41.3266666666667,19.0,40.5,19.2,42.29,18.76,41.2666666666667,18.3,78.59999999999998,1.63333333333333,82.73333333333329,18.5,38.1566666666667,19.79,45.1333333333333,16.73,40.2,3.13333333333333,756.9,88.3333333333333,5.0,32.66666666666669,1.4,3.4223318565636878,3.4223318565636878,0,420
2016-01-13 20:30:00,330,20,19.533333333333296,41.29,19.0,40.5,19.2,42.23,19.1333333333333,41.6566666666667,19.233333333333295,87.06,1.63333333333333,83.59333333333329,18.39,38.0266666666667,19.79,45.1333333333333,16.7,40.23,3.1,756.9,88.5,5.0,34.5,1.4,20.022487337701023,20.022487337701023,0,330
2016-01-13 20:40:00,130,20,19.6,41.43,19.1,40.7,19.2,42.463333333333296,19.4,41.93,18.6333333333333,88.4333333333333,1.6,83.98999999999998,18.463333333333296,38.5,19.7,45.0,16.7,40.23,3.06666666666667,756.9,88.6666666666667,5.0,36.33333333333329,1.4,7.057216286193579,7.057216286193579,0,130
2016-01-13 20:50:00,130,20,19.6,41.5,19.1,40.8266666666667,19.2,42.6633333333333,19.73,41.863333333333294,18.36,88.2933333333333,1.6,84.4633333333333,18.463333333333296,37.99,19.7,45.06,16.7,40.2,3.03333333333333,756.9,88.8333333333333,5.0,38.16666666666669,1.4,9.665493119973688,9.665493119973688,0,130
2016-01-13 21:00:00,110,20,19.6,41.56,19.1666666666667,40.9,19.2,42.73,19.79,41.73,18.1666666666667,87.43,1.445,84.295,18.323333333333295,37.863333333333294,19.79,45.23,16.7,40.2,3.0,756.9,89.0,5.0,40.0,1.4,42.06758583895862,42.06758583895862,0,110
2016-01-13 21:10:00,250,10,19.6,41.59,19.1333333333333,40.9,19.2,42.863333333333294,19.7,41.2966666666667,18.1,85.8966666666667,1.5,85.4,18.39,38.0,19.79,45.363333333333294,16.7,40.1633333333333,2.95,756.8166666666668,88.8333333333333,5.0,38.16666666666669,1.31666666666667,35.99569941870868,35.99569941870868,0,250
2016-01-13 21:20:00,520,0,19.6,41.53,19.1333333333333,40.9,19.1333333333333,42.86,19.6333333333333,41.03,18.066666666666695,84.12333333333329,1.42666666666667,85.26,18.39,38.0,19.79,45.4266666666667,16.7,40.09,2.9,756.733333333333,88.6666666666667,5.0,36.33333333333329,1.23333333333333,13.360604154877365,13.360604154877365,0,520
2016-01-13 21:30:00,360,0,19.6,41.5,19.1,40.9666666666667,19.26,43.4666666666667,19.566666666666695,40.69333333333329,18.6666666666667,89.52333333333331,1.29,85.62333333333329,18.3566666666667,38.0,19.79,45.76,16.6666666666667,40.06,2.85,756.65,88.5,5.0,34.5,1.15,24.750082241371278,24.750082241371278,0,360
2016-01-13 21:40:00,330,0,19.6,41.69333333333329,19.1,40.8266666666667,19.5966666666667,45.16666666666671,19.5,40.36,19.1666666666667,91.29333333333328,1.23,85.76333333333329,18.29,38.0,19.73,45.963333333333296,16.65,40.1225,2.8,756.5666666666668,88.3333333333333,5.0,32.66666666666669,1.06666666666667,4.155694891232997,4.155694891232997,0,330
2016-01-13 21:50:00,310,0,19.6,42.0,19.1,40.79,19.93,46.033333333333296,19.39,40.06,19.1666666666667,90.7666666666667,1.16666666666667,85.9,18.29,38.045,19.73,46.1633333333333,16.6,40.09,2.75,756.483333333333,88.1666666666667,5.0,30.8333333333333,0.9833333333333328,17.694212030619383,17.694212030619383,0,310
2016-01-13 22:00:00,270,0,19.6,42.0,19.1,40.73,20.35,46.545,19.39,39.933333333333294,19.323333333333295,87.49666666666668,1.1,86.29999999999998,18.29,37.863333333333294,19.76,46.2,16.6,40.06,2.7,756.4,88.0,5.0,29.0,0.9,48.460440267808735,48.460440267808735,0,270
2016-01-13 22:10:00,230,0,19.6,42.145,19.066666666666695,40.6333333333333,20.6333333333333,46.363333333333294,19.29,39.76,19.463333333333296,84.0966666666667,1.13333333333333,87.3666666666667,18.23,37.73,19.7,46.2,16.6,40.0,2.78333333333333,756.3166666666668,87.6666666666667,5.16666666666667,30.8333333333333,0.9166666666666669,31.235709483735263,31.235709483735263,0,230
2016-01-13 22:20:00,170,10,19.6,42.2,19.0,40.56,20.76,46.1566666666667,19.29,39.7,19.3266666666667,80.62333333333329,1.26,88.09999999999998,18.2,37.76,19.7,46.2,16.6,40.0,2.86666666666667,756.233333333333,87.3333333333333,5.3333333333333295,32.66666666666669,0.933333333333333,33.23091248748824,33.23091248748824,0,170
2016-01-13 22:30:00,60,0,19.6,42.0666666666667,19.0,40.6566666666667,21.066666666666695,45.79,19.2,39.6333333333333,19.1333333333333,79.0966666666667,1.42666666666667,88.8966666666667,18.2,37.76,19.7,46.2,16.6,40.0,2.95,756.15,87.0,5.5,34.5,0.95,15.624482824932784,15.624482824932784,0,60
2016-01-13 22:40:00,30,0,19.5,42.0,19.0,40.93,21.2,45.59666666666671,19.1333333333333,40.1,18.945,76.15,1.56666666666667,89.03,18.2,38.0666666666667,19.6666666666667,46.3266666666667,16.6,40.6333333333333,3.03333333333333,756.0666666666668,86.6666666666667,5.66666666666667,36.33333333333329,0.966666666666667,20.284480636473745,20.284480636473745,0,30
2016-01-13 22:50:00,30,0,19.5,42.1333333333333,18.963333333333296,41.0666666666667,21.066666666666695,44.99,19.1,40.53,18.79,73.6333333333333,1.73,89.18999999999998,18.2,38.26,19.6,46.6,16.6,41.1,3.11666666666667,755.983333333333,86.3333333333333,5.8333333333333295,38.16666666666669,0.9833333333333328,49.80386857641861,49.80386857641861,0,30
2016-01-13 23:00:00,30,0,19.5,42.2,18.89,41.2,20.86,44.6566666666667,19.075,40.7675,18.73,72.29999999999998,1.79,89.3966666666667,18.2,38.463333333333296,19.6,47.0,16.6,41.5666666666667,3.2,755.9,86.0,6.0,40.0,1.0,42.75411781854928,42.75411781854928,0,30
2016-01-13 23:10:00,40,0,19.4266666666667,42.1266666666667,18.89,41.29,20.6666666666667,44.43,19.0,40.9666666666667,18.6,71.06333333333329,1.93333333333333,89.6566666666667,18.2,38.723333333333294,19.6,47.33333333333329,16.6,41.9,3.13333333333333,755.8333333333329,86.5,5.8333333333333295,38.16666666666669,1.03333333333333,47.67741980031133,47.67741980031133,0,40
2016-01-13 23:20:00,50,0,19.39,42.09,18.823333333333295,41.23,20.6,44.23,18.963333333333296,41.03,18.533333333333296,70.2566666666667,1.93333333333333,89.59,18.1,38.963333333333296,19.6,47.8,16.6,42.1566666666667,3.06666666666667,755.766666666667,87.0,5.66666666666667,36.33333333333329,1.06666666666667,40.61525461729616,40.61525461729616,0,50
2016-01-13 23:30:00,50,0,19.39,42.09,18.79,41.29,20.5,44.1633333333333,18.89,41.09,18.5,69.7,1.9,89.56,18.1,39.223333333333294,19.6,48.1566666666667,16.6,42.43,3.0,755.7,87.5,5.5,34.5,1.1,39.10910579143092,39.10910579143092,0,50
2016-01-13 23:40:00,40,0,19.3566666666667,42.09,18.79,41.29,20.4266666666667,43.963333333333296,18.89,41.1266666666667,18.4266666666667,69.1,1.9,89.5925,18.1,39.29,19.6,48.363333333333294,16.6666666666667,42.73,2.93333333333333,755.6333333333331,88.0,5.3333333333333295,32.66666666666669,1.13333333333333,13.393906445708124,13.393906445708124,0,40
2016-01-13 23:50:00,40,0,19.29,42.09,18.7,41.4,20.39,43.76,18.823333333333295,41.1266666666667,18.3566666666667,68.3966666666667,1.8266666666666695,89.68999999999998,18.1,39.49,19.6,48.6566666666667,16.6,42.863333333333294,2.86666666666667,755.5666666666668,88.5,5.16666666666667,30.8333333333333,1.16666666666667,38.107576477341354,38.107576477341354,0,40
2016-01-14 00:00:00,50,0,19.29,42.09,18.7,41.4,20.323333333333295,43.7,18.79,41.23,18.3566666666667,67.9966666666667,1.66666666666667,89.5,18.1,39.8266666666667,19.6,48.93,16.6666666666667,43.2,2.8,755.5,89.0,5.0,29.0,1.2,49.315579456742846,49.315579456742846,0,50
2016-01-14 00:10:00,50,0,19.29,42.09,18.6333333333333,41.3266666666667,20.26,43.6333333333333,18.79,41.29,18.29,67.6566666666667,1.6,89.4333333333333,18.1,39.9666666666667,19.6,49.1266666666667,16.6,43.26,2.81666666666667,755.366666666667,89.1666666666667,5.0,28.666666666666696,1.23333333333333,14.680277451407164,14.680277451407164,0,50
2016-01-14 00:20:00,40,0,19.2,42.06,18.6,41.29,20.2,43.5,18.76,41.3266666666667,18.23,67.3966666666667,1.46333333333333,89.18999999999998,18.1,40.0666666666667,19.6,49.26,16.6,43.433333333333294,2.8333333333333295,755.233333333333,89.3333333333333,5.0,28.3333333333333,1.26666666666667,19.967555347830057,19.967555347830057,0,40
2016-01-14 00:30:00,60,0,19.2,42.06,18.6,41.29,20.2,43.5,18.7,41.4666666666667,18.2,67.06,1.39,89.73,18.1,40.26,19.566666666666695,49.433333333333294,16.6666666666667,43.6333333333333,2.85,755.1,89.5,5.0,28.0,1.3,40.6065761926584,40.6065761926584,0,60
2016-01-14 00:40:00,40,0,19.2,42.09,18.6,41.29,20.2,43.433333333333294,18.7,41.5,18.1333333333333,66.8666666666667,1.53333333333333,90.5,18.1,40.59,19.5,49.56,16.65,43.845,2.86666666666667,754.966666666667,89.6666666666667,5.0,27.666666666666696,1.33333333333333,3.857583459466696,3.857583459466696,0,40
2016-01-14 00:50:00,40,0,19.1333333333333,42.09,18.533333333333296,41.29,20.1666666666667,43.4,18.7,41.5,18.1,66.56,1.6,90.96666666666668,18.1,40.6633333333333,19.463333333333296,49.86,16.6333333333333,44.0666666666667,2.88333333333333,754.8333333333329,89.8333333333333,5.0,27.3333333333333,1.36666666666667,18.184840492904183,18.184840492904183,0,40
2016-01-14 01:00:00,50,0,19.1,42.09,18.5,41.29,20.1,43.4666666666667,18.7,41.59,18.1,66.3666666666667,1.73,91.56333333333329,18.1,40.845,19.39,50.1333333333333,16.6333333333333,44.2,2.9,754.7,90.0,5.0,27.0,1.4,22.129623359069228,22.129623359069228,0,50
2016-01-14 01:10:00,40,0,19.1,42.09,18.5,41.29,20.1,43.4,18.6333333333333,41.59,18.0,65.9666666666667,1.79,91.83,18.1,41.09666666666671,19.39,50.433333333333294,16.7,44.5666666666667,2.88333333333333,754.5666666666668,90.5,5.0,27.166666666666696,1.45,7.835706626065075,7.835706626065075,0,40
2016-01-14 01:20:00,30,0,19.1,42.09,18.463333333333296,41.26,20.0,43.3266666666667,18.6,41.59,18.0,65.76,1.9,92.29333333333328,18.1,41.363333333333294,19.39,50.56,16.6333333333333,44.76,2.86666666666667,754.4333333333329,91.0,5.0,27.3333333333333,1.5,29.1102635092102,29.1102635092102,0,30
2016-01-14 01:30:00,30,0,19.0,42.0,18.39,41.2,20.0,43.3266666666667,18.6,41.59,17.89,65.6266666666667,2.0266666666666695,92.6266666666667,18.1,41.6266666666667,19.39,50.86,16.7,45.1266666666667,2.85,754.2999999999998,91.5,5.0,27.5,1.55,48.50810894276946,48.50810894276946,0,30
2016-01-14 01:40:00,30,0,19.0,42.06,18.39,41.29,19.963333333333296,43.26,18.533333333333296,41.7,17.89,65.4333333333333,2.09,92.6266666666667,18.1,41.76,19.39,51.0,16.7,45.33333333333329,2.8333333333333295,754.1666666666669,92.0,5.0,27.666666666666696,1.6,49.47499167174101,49.47499167174101,0,30
2016-01-14 01:50:00,40,0,19.0,42.09,18.39,41.29,19.89,43.2,18.533333333333296,41.7,17.89,65.14,2.09,92.56,18.1,41.963333333333296,19.29,51.09,16.7,45.5666666666667,2.81666666666667,754.033333333333,92.5,5.0,27.8333333333333,1.65,8.822601824067533,8.822601824067533,0,40
2016-01-14 02:00:00,840,0,19.0,42.09,18.29,41.29,19.89,43.2,18.5,41.79,17.79,64.7633333333333,2.2,92.79333333333328,18.1,42.09,19.29,51.09,16.7,45.76,2.8,753.9,93.0,5.0,28.0,1.7,27.106521220412105,27.106521220412105,1,40
2016-01-14 02:10:00,850,0,18.963333333333296,42.09,18.29,41.29,19.89,43.2,18.5,41.79,17.79,64.6233333333333,2.26,93.1266666666667,18.1,42.09,19.29,51.09,16.7,46.03,2.86666666666667,753.733333333333,92.3333333333333,5.16666666666667,30.0,1.68333333333333,19.2151946015656,19.2151946015656,1,50
2016-01-14 02:20:00,840,0,18.89,42.1633333333333,18.29,41.4,19.89,43.23,18.5,41.79,17.79,64.4666666666667,2.495,93.295,18.1,42.223333333333294,19.29,51.09,16.7,46.1633333333333,2.93333333333333,753.5666666666668,91.6666666666667,5.3333333333333295,32.0,1.66666666666667,33.80820254096761,33.80820254096761,1,40
2016-01-14 02:30:00,840,0,18.89,42.2,18.29,41.4,19.823333333333295,43.29,18.39,41.79,17.73,64.3333333333333,2.73,93.43333333333328,18.1,42.433333333333294,19.29,51.09,16.7,46.3266666666667,3.0,753.4,91.0,5.5,34.0,1.65,13.4646889870055,13.4646889870055,1,40
2016-01-14 02:40:00,40,0,18.89,42.2,18.2,41.29,19.8566666666667,43.29,18.463333333333296,41.863333333333294,17.7,64.1566666666667,2.79,93.16,18.1,42.433333333333294,19.23,51.0,16.7,46.4666666666667,3.06666666666667,753.233333333333,90.3333333333333,5.66666666666667,36.0,1.63333333333333,23.46254711737856,23.46254711737856,0,40
2016-01-14 02:50:00,50,0,18.79,42.1266666666667,18.2,41.363333333333294,19.79,43.29,18.39,41.8266666666667,17.7,64.03,2.86333333333333,92.8633333333333,18.1,42.4666666666667,19.29,51.06,16.7,46.59,3.13333333333333,753.0666666666668,89.6666666666667,5.8333333333333295,38.0,1.61666666666667,8.590004115831107,8.590004115831107,0,50
2016-01-14 03:00:00,50,0,18.79,42.2,18.2,41.4,19.79,43.4,18.39,41.9,17.7,63.863333333333294,2.79,92.59,18.1,42.4,19.2,50.9,16.7,46.6633333333333,3.2,752.9,89.0,6.0,40.0,1.6,18.45947311958298,18.45947311958298,0,50
2016-01-14 03:10:00,50,0,18.79,42.2,18.2,41.425,19.79,43.3266666666667,18.39,41.9,17.7,63.79,2.93333333333333,92.8,18.1,42.363333333333294,19.2,50.9,16.7,46.7,3.2333333333333294,752.766666666667,89.0,5.8333333333333295,38.0,1.63333333333333,36.27026362810284,36.27026362810284,0,50
2016-01-14 03:20:00,40,0,18.79,42.2,18.1333333333333,41.5,19.79,43.26,18.39,41.9666666666667,17.7,63.6333333333333,3.0,92.6,18.1,42.363333333333294,19.2,50.79,16.7,46.76,3.2666666666666706,752.6333333333331,89.0,5.66666666666667,36.0,1.66666666666667,24.307455215603117,24.307455215603117,0,40
2016-01-14 03:30:00,50,0,18.76,42.23,18.1,41.5,19.79,43.2,18.3566666666667,42.0,17.6333333333333,63.433333333333294,3.09,92.43333333333328,18.1,42.4666666666667,19.1333333333333,50.73,16.7,46.9,3.3,752.5,89.0,5.5,34.0,1.7,3.190123336389661,3.190123336389661,0,50
2016-01-14 03:40:00,40,0,18.7,42.29,18.1,41.5,19.79,43.29,18.29,42.04,17.6,63.29,3.09,92.0333333333333,18.1,42.4,19.1666666666667,50.6633333333333,16.7,46.9666666666667,3.3333333333333295,752.366666666667,89.0,5.3333333333333295,32.0,1.73333333333333,39.22731149941682,39.22731149941682,0,40
2016-01-14 03:50:00,40,0,18.7,42.29,18.1,41.59,19.79,43.29,18.29,42.0266666666667,17.6,63.1566666666667,3.06,91.3966666666667,18.1,42.4,19.1666666666667,50.59,16.7,47.045,3.36666666666667,752.233333333333,89.0,5.16666666666667,30.0,1.76666666666667,20.91608179034665,20.91608179034665,0,40
2016-01-14 04:00:00,20,0,18.7,42.29,18.033333333333296,41.53,19.79,43.3266666666667,18.29,41.9666666666667,17.5666666666667,63.06,3.06,91.33,18.1,42.4666666666667,19.1,50.59,16.7,47.1266666666667,3.4,752.1,89.0,5.0,28.0,1.8,49.050904239993535,49.050904239993535,0,20
2016-01-14 04:10:00,30,0,18.7,42.29,18.1,41.59,19.7225,43.3725,18.29,42.09,17.5,63.0,3.0,91.33,18.05,42.345,19.1,50.53,16.7,47.26,3.38333333333333,751.9166666666669,89.1666666666667,5.16666666666667,28.166666666666696,1.8,14.144197793211788,14.144197793211788,0,30
2016-01-14 04:20:00,30,0,18.7,42.29,18.1,41.59,19.7,43.29,18.29,42.09,17.5,62.863333333333294,3.0,91.06333333333329,18.1,42.433333333333294,19.1,50.4666666666667,16.7,47.3266666666667,3.36666666666667,751.733333333333,89.3333333333333,5.3333333333333295,28.3333333333333,1.8,42.39410747541115,42.39410747541115,0,30
2016-01-14 04:30:00,40,0,18.6666666666667,42.29,18.0,41.5,19.7,43.29,18.29,42.1266666666667,17.5,62.79,3.03,91.26333333333329,18.033333333333296,42.36,19.1,50.4666666666667,16.7,47.4666666666667,3.35,751.5499999999998,89.5,5.5,28.5,1.8,4.111961543094367,4.111961543094367,0,40
2016-01-14 04:40:00,50,0,18.6,42.29,18.0,41.56,19.7,43.29,18.23,42.1266666666667,17.4633333333333,62.56,3.09,91.26333333333329,18.0,42.2,19.0,50.4,16.73,47.53,3.3333333333333295,751.366666666667,89.6666666666667,5.66666666666667,28.666666666666696,1.8,44.32293752906844,44.32293752906844,0,50
2016-01-14 04:50:00,40,0,18.6,42.29,18.0,41.59,19.7,43.26,18.2,42.2,17.4633333333333,62.5,3.09,91.1566666666667,18.0,42.2,19.0,50.4,16.73,47.6633333333333,3.31666666666667,751.1833333333329,89.8333333333333,5.8333333333333295,28.8333333333333,1.8,23.59653654275462,23.59653654275462,0,40
2016-01-14 05:00:00,40,0,18.6,42.3266666666667,18.0,41.59,19.7,43.2,18.2,42.2,17.445,62.45,3.09,91.03,18.0,42.3266666666667,19.033333333333296,50.433333333333294,16.7,47.7,3.3,751.0,90.0,6.0,29.0,1.8,5.455048172734678,5.455048172734678,0,40
2016-01-14 05:10:00,50,0,18.6,42.4,17.9633333333333,41.7,19.7,43.2,18.2,42.2,17.39,62.363333333333294,3.09,90.9,18.0,42.4666666666667,19.033333333333296,50.36,16.7,47.76,3.31666666666667,750.866666666667,90.0,5.8333333333333295,28.666666666666696,1.81666666666667,16.66389922611415,16.66389922611415,0,50
2016-01-14 05:20:00,40,0,18.6,42.4,17.89,41.7,19.7,43.2,18.2,42.2,17.39,62.29,3.09,90.46666666666668,18.0,42.5,19.0,50.4,16.73,47.79,3.3333333333333295,750.733333333333,90.0,5.66666666666667,28.3333333333333,1.8333333333333297,41.8708284618333,41.8708284618333,0,40
2016-01-14 05:30:00,50,0,18.533333333333296,42.4,17.89,41.6266666666667,19.7,43.2,18.15,42.29,17.39,62.26,3.09,90.46666666666668,18.0,42.5,19.0,50.4,16.73,47.79,3.35,750.6,90.0,5.5,28.0,1.85,13.842492084950209,13.842492084950209,0,50
2016-01-14 05:40:00,50,0,18.5,42.433333333333294,17.89,41.7,19.76,43.26,18.1,42.29,17.39,62.2,3.12666666666667,90.76,18.0,42.5,19.0,50.4,16.73,47.8266666666667,3.36666666666667,750.466666666667,90.0,5.3333333333333295,27.666666666666696,1.86666666666667,29.35175707098097,29.35175707098097,0,50
2016-01-14 05:50:00,40,0,18.5,42.5,17.89,41.73,19.79,43.29,18.1,42.363333333333294,17.3566666666667,62.2,3.26,90.96666666666668,18.0,42.56,18.9175,50.425,16.79,47.9666666666667,3.38333333333333,750.3333333333329,90.0,5.16666666666667,27.3333333333333,1.88333333333333,41.83661348652095,41.83661348652095,0,40
2016-01-14 06:00:00,50,0,18.5,42.5,17.89,41.79,19.79,43.29,18.1,42.4,17.3566666666667,62.2,3.5,90.76333333333329,18.0,42.59,18.89,50.433333333333294,16.7,48.0,3.4,750.2,90.0,5.0,27.0,1.9,3.5577011993154883,3.5577011993154883,0,50
2016-01-14 06:10:00,40,0,18.5,42.5,17.79,41.73,19.79,43.29,18.1,42.4,17.3566666666667,62.06,3.56,90.49666666666668,18.0,42.59,18.89,50.5,16.7,48.0,3.5,750.0833333333329,89.8333333333333,5.66666666666667,27.166666666666696,1.98333333333333,35.13893716735765,35.13893716735765,0,40
2016-01-14 06:20:00,40,0,18.463333333333296,42.56,17.84,41.79,19.79,43.29,18.1,42.5,17.29,62.0,3.73,90.09333333333329,18.0,42.5,18.89,50.5,16.79,48.09,3.6,749.966666666667,89.6666666666667,6.3333333333333295,27.3333333333333,2.06666666666667,34.941226860973984,34.941226860973984,0,40
2016-01-14 06:30:00,40,0,18.39,42.5,17.79,41.79,19.79,43.29,18.1,42.5,17.29,62.0,3.79,89.6333333333333,18.0,42.56,18.89,50.5,16.73,48.1633333333333,3.7,749.85,89.5,7.0,27.5,2.15,23.198119050357487,23.198119050357487,0,40
2016-01-14 06:40:00,40,0,18.39,42.53,17.79,41.79,19.79,43.363333333333294,18.1,42.53,17.29,62.0,3.9,89.23,17.9633333333333,42.73,18.89,50.5,16.7,48.2,3.8,749.733333333333,89.3333333333333,7.666666666666669,27.666666666666696,2.2333333333333294,21.84655552264303,21.84655552264303,0,40
2016-01-14 06:50:00,30,10,18.39,42.59,17.79,41.863333333333294,19.79,43.4,18.1,42.59,17.29,62.0,3.9,89.03,17.9633333333333,42.93,18.8566666666667,50.56,16.7,48.2,3.9,749.616666666667,89.1666666666667,8.33333333333333,27.8333333333333,2.31666666666667,28.108839388005435,28.108839388005435,0,30
2016-01-14 07:00:00,70,10,18.39,42.59,17.79,41.9,19.79,43.4,18.0,42.53,17.29,61.933333333333294,3.8633333333333297,88.83,18.0,43.53,18.79,50.56,16.745,48.345,4.0,749.5,89.0,9.0,28.0,2.4,46.42416131682693,46.42416131682693,0,70
2016-01-14 07:10:00,360,20,18.39,42.863333333333294,17.79,41.9666666666667,19.76,43.363333333333294,18.0,42.59,17.29,61.7333333333333,3.79,88.62333333333329,18.0,43.6566666666667,18.823333333333295,50.73,16.79,48.4666666666667,3.95,749.4,89.5,8.83333333333333,26.666666666666696,2.41666666666667,11.523320712149143,11.523320712149143,0,360
2016-01-14 07:20:00,400,10,18.39,43.36,17.79,42.23,19.7,43.2225,18.066666666666695,42.9266666666667,17.29,61.19333333333329,3.79,89.12999999999998,18.0,42.995,18.89,50.6566666666667,16.79,48.3266666666667,3.9,749.2999999999998,90.0,8.66666666666667,25.3333333333333,2.43333333333333,11.090687720570712,11.090687720570712,0,400
2016-01-14 07:30:00,70,10,18.39,43.9666666666667,17.79,42.43,19.6333333333333,43.1266666666667,18.4,43.26,17.23,60.5266666666667,3.79,89.92333333333329,17.89,42.363333333333294,18.79,49.99,16.76,48.0266666666667,3.85,749.2,90.5,8.5,24.0,2.45,21.010794665198773,21.010794665198773,0,70
2016-01-14 07:40:00,70,0,18.39,44.09,17.79,42.6266666666667,19.6,43.1633333333333,18.73,43.1233333333333,17.23,60.0666666666667,3.79,90.7266666666667,17.89,41.963333333333296,18.73,49.6566666666667,16.7,47.69333333333329,3.8,749.1,91.0,8.33333333333333,22.666666666666696,2.4666666666666694,16.676040284801275,16.676040284801275,0,70
2016-01-14 07:50:00,390,0,18.39,44.0225,17.79,42.7,19.533333333333296,43.09,18.79,42.53,17.2,59.6333333333333,3.79,91.29750000000001,17.89,41.5266666666667,18.7,49.33333333333329,16.7,47.2966666666667,3.75,749.0,91.5,8.16666666666667,21.3333333333333,2.4833333333333294,43.24037751648575,43.24037751648575,0,390
2016-01-14 08:00:00,100,0,18.39,43.933333333333294,17.76,42.7,19.5,43.0,18.79,42.1333333333333,17.2,59.36,3.79,91.73,17.8233333333333,41.19333333333329,18.7,49.0666666666667,16.7,46.963333333333296,3.7,748.9,92.0,8.0,20.0,2.5,8.859726786613464,8.859726786613464,0,100
2016-01-14 08:10:00,80,10,18.39,43.76,17.7,42.6266666666667,19.5,43.0,18.73,42.0,17.2,58.995,3.79,92.2266666666667,17.79,40.863333333333294,18.6,48.6333333333333,16.7,46.6333333333333,3.3,749.0,93.0,7.16666666666667,22.5,2.25,24.665936431847513,24.665936431847513,0,80
2016-01-14 08:20:00,70,0,18.39,43.7,17.7,42.59,19.463333333333296,42.9,18.7,42.0,17.2,58.7,3.8633333333333297,92.96,17.79,40.6566666666667,18.6666666666667,48.5,16.7,46.36,2.9,749.1,94.0,6.3333333333333295,25.0,2.0,21.4856683393009,21.4856683393009,0,70
2016-01-14 08:30:00,170,10,18.39,43.59,17.7,42.53,19.39,42.8266666666667,18.7,41.933333333333294,17.2,58.5,3.79,93.62333333333329,17.79,40.4666666666667,18.6,48.1333333333333,16.7,46.03,2.5,749.2,95.0,5.5,27.5,1.75,28.21319214999676,28.21319214999676,0,170
2016-01-14 08:40:00,360,0,18.39,43.53,17.7,42.5,19.3566666666667,42.6333333333333,18.65,41.79,17.2,56.5666666666667,3.73,93.62333333333329,17.79,40.3266666666667,18.533333333333296,47.86,16.7,46.03,2.1,749.2999999999998,96.0,4.66666666666667,30.0,1.5,32.80811577569693,32.80811577569693,0,360
2016-01-14 08:50:00,180,10,18.39,43.363333333333294,17.7,42.433333333333294,19.29,42.5,18.6,41.6633333333333,17.2,55.36,3.1,93.0666666666667,17.7,40.06,18.5,47.6,16.7,46.0,1.7,749.4,97.0,3.8333333333333295,32.5,1.25,48.9277031389065,48.9277031389065,0,180
2016-01-14 09:00:00,130,0,18.39,43.29,17.79,42.29,19.29,42.4,18.6,41.53,17.2,53.8966666666667,2.76666666666667,93.46666666666668,17.7,39.86,18.5,47.2675,16.7,45.933333333333294,1.3,749.5,98.0,3.0,35.0,1.0,11.608057422563432,11.608057422563432,0,130
2016-01-14 09:10:00,70,20,18.4266666666667,43.3266666666667,17.79,42.23,19.29,42.4,18.566666666666695,41.4,17.26,52.823333333333295,2.5,93.7266666666667,17.6333333333333,39.59,18.4266666666667,46.89,16.7,45.863333333333294,1.4,749.366666666667,97.5,3.5,35.8333333333333,1.03333333333333,12.040579807944596,12.040579807944596,0,70
2016-01-14 09:20:00,70,10,18.5,43.4,17.9266666666667,42.2,19.29,42.4,18.5,41.4,17.29,51.6966666666667,2.43333333333333,94.06,17.6333333333333,39.39,18.39,46.6333333333333,16.7,45.73,1.5,749.233333333333,97.0,4.0,36.66666666666669,1.06666666666667,39.841804199386395,39.841804199386395,0,70
2016-01-14 09:30:00,180,20,18.533333333333296,43.4,18.025,42.1175,19.29,42.4,18.5,41.59666666666671,17.3566666666667,50.8966666666667,2.36333333333333,94.16,17.6,39.1633333333333,18.39,46.433333333333294,16.7,45.5,1.6,749.1,96.5,4.5,37.5,1.1,41.58358575077728,41.58358575077728,0,180
2016-01-14 09:40:00,170,20,18.533333333333296,43.2666666666667,18.1,42.09,19.1666666666667,42.0,18.566666666666695,41.863333333333294,17.39,50.033333333333296,2.29,94.3666666666667,17.6,39.03,18.3566666666667,46.223333333333294,16.745,45.5,1.7,748.966666666667,96.0,5.0,38.33333333333329,1.13333333333333,5.675385321956128,5.675385321956128,0,170
2016-01-14 09:50:00,390,30,18.6,43.29,18.23,42.03,19.1666666666667,42.33333333333329,18.6333333333333,42.0666666666667,17.4633333333333,49.5,2.29,94.62333333333329,17.6,38.863333333333294,18.29,46.09,16.79,45.645,1.8,748.8333333333329,95.5,5.5,39.16666666666669,1.16666666666667,48.165600816719234,48.165600816719234,0,390
2016-01-14 10:00:00,420,20,18.6666666666667,43.49,18.29,42.09,19.23,42.5666666666667,18.7,42.26,17.5,49.3266666666667,2.29,94.69,17.5333333333333,38.79,18.29,45.9666666666667,16.79,46.0266666666667,1.9,748.7,95.0,6.0,40.0,1.2,7.36614498309791,7.36614498309791,0,420
2016-01-14 10:10:00,340,20,18.7,43.6333333333333,18.39,42.09,19.29,42.7,18.7,42.29,17.5,49.9933333333333,2.29,94.8333333333333,17.5,38.7,18.29,45.8266666666667,16.79,46.4,1.9666666666666697,748.733333333333,94.6666666666667,5.66666666666667,40.0,1.21666666666667,7.181347138248384,7.181347138248384,0,340
2016-01-14 10:20:00,550,10,18.7,43.433333333333294,18.39,42.09,19.26,42.5266666666667,18.7,42.29,17.39,51.1966666666667,2.29,94.9,17.5,38.6175,18.23,45.73,16.89,46.5266666666667,2.03333333333333,748.766666666667,94.3333333333333,5.3333333333333295,40.0,1.23333333333333,46.261496760416776,46.261496760416776,0,550
2016-01-14 10:30:00,690,10,18.79,43.7666666666667,18.5,42.06,19.32,43.145,18.7,42.5,17.3233333333333,51.863333333333294,2.4,94.95,17.5,38.59,18.23,45.6566666666667,16.89,46.4,2.1,748.7999999999998,94.0,5.0,40.0,1.25,25.35178012913093,25.35178012913093,0,690
2016-01-14 10:40:00,620,10,18.79,43.69333333333329,18.566666666666695,41.7266666666667,19.6933333333333,44.86,18.76,42.3,17.26,52.4,2.43333333333333,95.06333333333329,17.5,38.5,18.2,45.5,16.89,46.26,2.16666666666667,748.8333333333329,93.6666666666667,4.66666666666667,40.0,1.26666666666667,7.7425508527085185,7.7425508527085185,0,620
2016-01-14 10:50:00,610,10,18.823333333333295,43.26,18.6333333333333,41.4666666666667,20.1966666666667,46.3966666666667,18.79,42.09,17.2,52.5266666666667,2.5,95.19,17.4266666666667,38.36,18.2,45.433333333333294,16.89,46.1266666666667,2.2333333333333294,748.866666666667,93.3333333333333,4.3333333333333295,40.0,1.28333333333333,17.415102606173605,17.415102606173605,0,610
2016-01-14 11:00:00,490,10,18.9175,43.05,18.7,41.3266666666667,20.5966666666667,47.1966666666667,18.79,42.09,17.2,52.8266666666667,2.62666666666667,95.3333333333333,17.4633333333333,38.363333333333294,18.1666666666667,45.29,16.89,46.0,2.3,748.9,93.0,4.0,40.0,1.3,32.9910512897186,32.9910512897186,0,490
2016-01-14 11:10:00,260,20,19.0,42.933333333333294,18.823333333333295,41.09,20.9933333333333,47.7666666666667,18.79,42.1266666666667,17.2,52.9,2.7,95.46666666666668,17.39,38.23,18.1,45.23,16.89,46.0,2.4,748.85,92.8333333333333,4.16666666666667,40.0,1.36666666666667,15.588618721812963,15.588618721812963,0,260
2016-01-14 11:20:00,240,10,19.1,42.863333333333294,18.89,41.03,21.3266666666667,47.9666666666667,18.79,42.2,17.2,53.045,2.82666666666667,95.53,17.39,38.2,18.1,45.1633333333333,16.89,46.0,2.5,748.7999999999998,92.6666666666667,4.3333333333333295,40.0,1.43333333333333,17.57867046399042,17.57867046399042,0,240
2016-01-14 11:30:00,220,10,19.1666666666667,43.53,19.033333333333296,40.79,21.6333333333333,47.6233333333333,18.89,42.29,17.2,53.1266666666667,2.9666666666666694,95.59,17.39,38.1266666666667,18.1,45.09,16.89,46.0,2.6,748.75,92.5,4.5,40.0,1.5,7.392285345122217,7.392285345122217,0,220
2016-01-14 11:40:00,130,10,19.36,44.5666666666667,19.1666666666667,40.73,21.76,46.6233333333333,18.89,42.42,17.2,53.2,3.0666666666666695,95.66,17.39,38.09,18.1,45.0,16.9266666666667,45.9666666666667,2.7,748.7,92.3333333333333,4.66666666666667,40.0,1.56666666666667,32.943880453240126,32.943880453240126,0,130
2016-01-14 11:50:00,90,10,19.566666666666695,44.5,19.323333333333295,40.6633333333333,21.79,45.393333333333295,18.89,42.723333333333294,17.1,53.2,3.26,95.93333333333328,17.39,38.03,18.033333333333296,44.933333333333294,17.0,45.9,2.8,748.65,92.1666666666667,4.8333333333333295,40.0,1.63333333333333,9.253498225007206,9.253498225007206,0,90
2016-01-14 12:00:00,290,10,19.73,45.1233333333333,19.463333333333296,40.59,21.73,44.7266666666667,18.9266666666667,42.933333333333294,17.1,53.2,3.43333333333333,96.0,17.39,38.0,18.0,44.863333333333294,17.0,45.933333333333294,2.9,748.6,92.0,5.0,40.0,1.7,47.718906844966114,47.718906844966114,0,290
2016-01-14 12:10:00,410,0,19.996666666666705,45.73,19.6333333333333,40.53,21.566666666666695,44.463333333333296,19.0,43.19333333333329,17.1,53.2,3.5,96.0,17.39,38.0,18.0,44.863333333333294,17.0,45.933333333333294,3.11666666666667,748.5499999999998,91.3333333333333,5.16666666666667,40.0,1.81666666666667,44.89242460113019,44.89242460113019,0,410
2016-01-14 12:20:00,320,0,20.1,45.05666666666671,19.7,40.59,21.566666666666695,45.2566666666667,19.0,43.433333333333294,17.1,53.2,3.53,96.03,17.39,38.0,18.0,44.79,17.0,45.9,3.3333333333333295,748.5,90.6666666666667,5.3333333333333295,40.0,1.93333333333333,47.18485272023826,47.18485272023826,0,320
2016-01-14 12:30:00,260,0,20.1666666666667,44.463333333333296,19.79,40.4666666666667,21.86,46.6,19.0,43.1,17.1,53.2,3.53,95.96333333333328,17.39,38.0,18.0,44.79,17.0666666666667,46.0266666666667,3.55,748.45,90.0,5.5,40.0,2.05,36.184537562076,36.184537562076,0,260
2016-01-14 12:40:00,210,0,20.36,45.19333333333329,19.8925,40.3725,22.066666666666695,46.933333333333294,18.963333333333296,42.43,17.1,53.2,3.43333333333333,95.76,17.39,37.933333333333294,18.0,44.79,17.1,46.1266666666667,3.7666666666666706,748.4,89.3333333333333,5.66666666666667,40.0,2.16666666666667,18.517853296361864,18.517853296361864,0,210
2016-01-14 12:50:00,210,0,20.566666666666695,44.7266666666667,20.066666666666695,40.29,22.23,46.0633333333333,18.89,42.1566666666667,17.1,53.2,3.43333333333333,95.8333333333333,17.39,37.933333333333294,18.0,44.79,17.1,46.26,3.9833333333333294,748.35,88.6666666666667,5.8333333333333295,40.0,2.28333333333333,39.05087701277807,39.05087701277807,0,210
2016-01-14 13:00:00,140,0,20.823333333333295,44.33333333333329,20.1333333333333,40.2,22.29,45.53,18.8566666666667,42.0666666666667,17.1,53.2,3.53,96.06,17.4266666666667,38.03,18.0,44.73,17.1,46.5666666666667,4.2,748.2999999999998,88.0,6.0,40.0,2.4,0.5574754322879016,0.5574754322879016,0,140
2016-01-14 13:10:00,60,0,20.963333333333296,43.8666666666667,20.26,40.1266666666667,22.39,44.9,18.8566666666667,42.793333333333294,17.1,53.2,3.6175,95.9975,17.4266666666667,37.963333333333296,18.033333333333296,44.6266666666667,17.1,46.83333333333329,4.3,748.216666666667,87.5,6.0,40.0,2.41666666666667,47.015435609500855,47.015435609500855,0,60
2016-01-14 13:20:00,50,0,21.1,43.5266666666667,20.29,40.0,22.323333333333295,44.4266666666667,18.9266666666667,43.6266666666667,17.1,53.2,3.8333333333333295,96.3966666666667,17.4266666666667,37.933333333333294,18.1,44.7,17.15,47.145,4.4,748.1333333333331,87.0,6.0,40.0,2.43333333333333,49.68746131053194,49.68746131053194,0,50
2016-01-14 13:30:00,60,0,21.1666666666667,43.0666666666667,20.29,40.0,22.1666666666667,43.7,19.0,43.76,17.1,53.2,4.16,96.56333333333329,17.4175,37.95,18.033333333333296,44.6266666666667,17.2,47.26,4.5,748.0499999999998,86.5,6.0,40.0,2.45,17.87028725957498,17.87028725957498,0,60
2016-01-14 13:40:00,50,0,21.2,42.1,20.39,39.76,22.025,43.6175,19.1,43.9,17.0333333333333,53.1266666666667,4.36666666666667,96.69,17.39,38.0,18.1,44.7,17.2,47.33333333333329,4.6,747.966666666667,86.0,6.0,40.0,2.4666666666666694,37.381753174122416,37.381753174122416,0,50
2016-01-14 13:50:00,60,0,21.2,41.69333333333329,20.463333333333296,39.7,21.9266666666667,43.59,19.1,43.9,17.1,53.2,4.56333333333333,96.8333333333333,17.5,38.09,18.033333333333296,44.7666666666667,17.2,47.5,4.7,747.8833333333331,85.5,6.0,40.0,2.4833333333333294,39.64545119088143,39.64545119088143,0,60
2016-01-14 14:00:00,140,0,21.23,41.59666666666671,20.5,39.59,21.8566666666667,43.43,19.1,43.79,17.1,53.2,4.83,96.96666666666668,17.5,38.09,18.1,44.9,17.26,47.56,4.8,747.7999999999998,85.0,6.0,40.0,2.5,35.29295031912625,35.29295031912625,0,140
2016-01-14 14:10:00,270,0,21.29,41.565,20.566666666666695,39.53,21.73,43.1566666666667,19.1,43.79,17.0333333333333,53.23,5.06333333333333,96.8333333333333,17.5,38.09,18.066666666666695,45.0,17.26,47.6633333333333,4.91666666666667,747.733333333333,84.8333333333333,6.0,40.0,2.5833333333333295,23.79125193692744,23.79125193692744,0,270
2016-01-14 14:20:00,200,0,21.3566666666667,41.29,20.6,39.4666666666667,21.6666666666667,42.93,19.1,43.723333333333294,17.0333333333333,53.23,5.263333333333329,96.8333333333333,17.5,38.09,18.0,45.0,17.2,47.53,5.03333333333333,747.6666666666669,84.6666666666667,6.0,40.0,2.66666666666667,24.73272630013525,24.73272630013525,0,200
2016-01-14 14:30:00,60,0,21.3566666666667,40.83333333333329,20.6,39.4,21.6,42.73,19.033333333333296,43.33,17.05,53.29,5.263333333333329,96.16333333333328,17.5,38.09,18.0,45.0,17.2,47.19333333333329,5.15,747.6,84.5,6.0,40.0,2.75,15.402622439432887,15.402622439432887,0,60
2016-01-14 14:40:00,50,0,21.3566666666667,40.6266666666667,20.73,39.4,21.5,42.5266666666667,19.0,42.9666666666667,17.0666666666667,53.363333333333294,5.1233333333333295,95.29,17.5,38.1633333333333,18.0,45.0,17.2,46.86,5.26666666666667,747.533333333333,84.3333333333333,6.0,40.0,2.8333333333333295,34.75061231292784,34.75061231292784,0,50
2016-01-14 14:50:00,60,0,21.5,40.56,20.79,39.3266666666667,21.5,42.3266666666667,18.9175,42.8175,17.0,53.29,5.1233333333333295,94.35666666666668,17.39,38.09,18.0,45.0,17.2,46.49,5.383333333333329,747.466666666667,84.1666666666667,6.0,40.0,2.91666666666667,41.139665280934416,41.139665280934416,0,60
2016-01-14 15:00:00,80,0,21.5,40.433333333333294,20.89,39.29,21.5,42.06,18.89,42.73,17.0333333333333,53.3266666666667,5.1233333333333295,92.76333333333329,17.4633333333333,38.09,18.0,44.933333333333294,17.2,46.1566666666667,5.5,747.4,84.0,6.0,40.0,3.0,21.73588203731924,21.73588203731924,0,80
2016-01-14 15:10:00,50,0,21.6,40.26,20.963333333333296,39.23,21.4266666666667,41.86,18.89,42.59,17.1,53.4,5.1233333333333295,91.82666666666668,17.39,38.06,18.0,44.9,17.2,45.83333333333329,5.48333333333333,747.4333333333329,83.1666666666667,6.0,40.0,2.8333333333333295,25.736632640473545,25.736632640473545,0,50
2016-01-14 15:20:00,40,0,21.6,40.1266666666667,21.0,39.1633333333333,21.39,41.6633333333333,18.823333333333295,42.53,17.1,53.5,5.263333333333329,91.0333333333333,17.39,38.0,17.9266666666667,44.8266666666667,17.1333333333333,45.6266666666667,5.46666666666667,747.466666666667,82.3333333333333,6.0,40.0,2.66666666666667,33.1505483831279,33.1505483831279,0,40
2016-01-14 15:30:00,50,0,21.6,40.06,21.066666666666695,39.09,21.39,41.53,18.79,42.5,17.1,53.5,5.43333333333333,90.5966666666667,17.39,38.0,17.89,44.79,17.1,45.363333333333294,5.45,747.5,81.5,6.0,40.0,2.5,7.15832932619378,7.15832932619378,0,50
2016-01-14 15:40:00,50,0,21.6,40.0,21.1,39.09,21.39,41.5,18.79,42.433333333333294,17.1,53.5,5.43333333333333,88.93,17.39,38.0,17.89,44.76,17.1,45.23,5.43333333333333,747.533333333333,80.6666666666667,6.0,40.0,2.3333333333333295,17.22436968702823,17.22436968702823,0,50
2016-01-14 15:50:00,40,0,21.533333333333296,40.0,21.075,38.9975,21.323333333333295,41.433333333333294,18.76,42.363333333333294,17.1,53.5,5.36666666666667,85.53,17.39,37.9,17.89,44.7,17.1,44.9666666666667,5.41666666666667,747.5666666666668,79.8333333333333,6.0,40.0,2.16666666666667,20.28817911632359,20.28817911632359,0,40
2016-01-14 16:00:00,30,0,21.533333333333296,39.933333333333294,21.0,38.9,21.29,41.4,18.76,42.29,17.1,53.4666666666667,5.2725,81.34,17.39,37.8266666666667,17.89,44.59,17.1,44.7666666666667,5.4,747.6,79.0,6.0,40.0,2.0,4.265550291165709,4.265550291165709,0,30
2016-01-14 16:10:00,30,0,21.5,39.79,21.0,38.76,21.23,41.3266666666667,18.7,42.26,17.1,53.4,5.263333333333329,80.79666666666668,17.39,37.7,17.89,44.463333333333296,17.1,44.56,5.26666666666667,747.65,78.5,6.16666666666667,40.0,1.78333333333333,46.6285964124836,46.6285964124836,0,30
2016-01-14 16:20:00,200,0,21.5,39.73,20.9266666666667,38.7,21.2,41.2,18.7,42.1266666666667,17.1,53.363333333333294,5.3333333333333295,79.48999999999998,17.39,37.6266666666667,17.89,44.4,17.0333333333333,44.36,5.133333333333329,747.7,78.0,6.3333333333333295,40.0,1.56666666666667,41.9192033354193,41.9192033354193,0,200
2016-01-14 16:30:00,450,0,21.39,39.59,20.89,38.5,21.1333333333333,41.2,18.7,42.1566666666667,17.1,53.29,5.4,77.9633333333333,17.39,37.59666666666671,17.9633333333333,44.8,17.1,44.145,5.0,747.75,77.5,6.5,40.0,1.35,43.971664807759225,43.971664807759225,0,450
2016-01-14 16:40:00,400,0,21.39,39.7966666666667,20.823333333333295,38.433333333333294,21.163333333333295,42.1966666666667,18.7,42.29,17.1,53.1633333333333,5.263333333333329,75.6566666666667,17.4175,38.0925,18.0,45.1566666666667,17.0666666666667,43.93,4.86666666666667,747.7999999999998,77.0,6.66666666666667,40.0,1.13333333333333,46.785623382311314,46.785623382311314,0,400
2016-01-14 16:50:00,740,0,21.39,40.5666666666667,20.79,38.29,21.4175,43.44,18.7,42.3266666666667,17.1,53.03,5.1233333333333295,73.98999999999998,17.5666666666667,38.4,18.066666666666695,45.43,17.0,43.73,4.73333333333333,747.85,76.5,6.8333333333333295,40.0,0.9166666666666669,3.623031673487276,3.623031673487276,0,740
2016-01-14 17:00:00,910,0,21.463333333333296,41.69333333333329,20.8566666666667,38.363333333333294,21.6666666666667,43.93,18.7,42.66,17.1,53.0,4.96666666666667,74.1666666666667,17.6,38.53,18.2,45.59,17.0,43.4666666666667,4.6,747.9,76.0,7.0,40.0,0.7,18.93797202501446,18.93797202501446,0,910
2016-01-14 17:10:00,610,10,21.6333333333333,45.1966666666667,20.9266666666667,38.59666666666671,21.96,44.5666666666667,18.6333333333333,43.3,17.1,53.0,4.8333333333333295,75.23333333333329,17.6666666666667,38.6633333333333,18.2,45.59,17.0,43.3266666666667,4.5833333333333295,747.9333333333329,76.0,6.8333333333333295,40.0,0.683333333333333,26.89324613893405,26.89324613893405,0,610
2016-01-14 17:20:00,510,10,21.76,47.13,21.1333333333333,39.0633333333333,22.1666666666667,45.0266666666667,18.7,44.4933333333333,17.1,53.1266666666667,4.8,76.0,17.7,38.7,18.29,45.7,17.0,43.26,4.56666666666667,747.966666666667,76.0,6.66666666666667,40.0,0.666666666666667,5.252506933175027,5.252506933175027,0,510
2016-01-14 17:30:00,190,0,21.945,45.3,21.29,39.53,22.4266666666667,45.26,18.7,45.463333333333296,17.1,53.33333333333329,4.72666666666667,76.19333333333331,17.7,38.6266666666667,18.3566666666667,45.76,17.0,43.1266666666667,4.55,748.0,76.0,6.5,40.0,0.65,40.084385278169066,40.084385278169066,0,190
2016-01-14 17:40:00,110,10,22.0,43.9966666666667,21.3566666666667,39.53,22.566666666666695,45.0,18.76,45.6633333333333,17.1,53.6,4.56,75.15999999999998,17.7,38.56,18.4266666666667,46.09,17.0,43.3266666666667,4.53333333333333,748.033333333333,76.0,6.3333333333333295,40.0,0.633333333333333,36.98208729038015,36.98208729038015,0,110
2016-01-14 17:50:00,100,0,22.066666666666695,43.1966666666667,21.5,39.56,22.6,44.16,18.73,45.4666666666667,17.1,53.8266666666667,4.56,74.7,17.6333333333333,38.433333333333294,18.5,45.963333333333296,17.0,43.3266666666667,4.51666666666667,748.0666666666668,76.0,6.16666666666667,40.0,0.616666666666667,2.6074506691657007,2.6074506691657007,0,100
2016-01-14 18:00:00,90,10,22.1,42.363333333333294,21.566666666666695,39.36,22.533333333333296,43.7666666666667,18.745,45.295,17.1,53.9,4.59,74.6333333333333,17.7,38.5,18.6,45.76,17.0,43.1633333333333,4.5,748.1,76.0,6.0,40.0,0.6,24.10847865976393,24.10847865976393,0,90
2016-01-14 18:10:00,110,10,22.1,41.89,21.6333333333333,39.1633333333333,22.39,43.4,18.79,45.1266666666667,17.1,53.933333333333294,4.65666666666667,73.4266666666667,17.7,38.433333333333294,18.6,45.6266666666667,17.0,42.963333333333296,4.41666666666667,748.1666666666669,76.1666666666667,6.16666666666667,40.0,0.55,46.02589203277602,46.02589203277602,0,110
2016-01-14 18:20:00,100,0,22.1333333333333,41.43,21.7,39.03,22.323333333333295,43.1266666666667,18.79,44.9666666666667,17.1,54.0,4.69,74.1333333333333,17.7,38.4,18.7,45.6633333333333,16.9266666666667,42.76,4.3333333333333295,748.233333333333,76.3333333333333,6.3333333333333295,40.0,0.5,2.07642144523561,2.07642144523561,0,100
2016-01-14 18:30:00,110,10,22.2,41.1566666666667,21.7,38.9,22.26,42.83333333333329,18.79,44.8266666666667,17.1,53.9666666666667,4.6233333333333295,72.9933333333333,17.7,38.4,18.76,45.53,16.9266666666667,42.6266666666667,4.25,748.2999999999998,76.5,6.5,40.0,0.45,14.699589950032532,14.699589950032532,0,110
2016-01-14 18:40:00,100,10,22.1,40.83333333333329,21.7,38.7225,22.2,42.5,18.79,44.7,17.1,53.9,4.46666666666667,71.2566666666667,17.7,38.363333333333294,18.79,45.45,16.89,42.4666666666667,4.16666666666667,748.366666666667,76.6666666666667,6.66666666666667,40.0,0.4,25.042524363379925,25.042524363379925,0,100
2016-01-14 18:50:00,790,10,22.1666666666667,40.5,21.7,38.6266666666667,22.1666666666667,42.1333333333333,18.79,44.6266666666667,17.1,53.9,4.2975,71.745,17.7,38.43,18.823333333333295,45.4,16.89,42.3266666666667,4.0833333333333295,748.4333333333329,76.8333333333333,6.8333333333333295,40.0,0.35,30.48744675470516,30.48744675470516,0,790
2016-01-14 19:00:00,380,10,22.2,40.69333333333329,21.7,38.59,22.1,42.06,18.79,44.59,17.1,53.8266666666667,4.19,72.4633333333333,17.7,38.7666666666667,18.823333333333295,45.3266666666667,16.89,42.1633333333333,4.0,748.5,77.0,7.0,40.0,0.3,13.21245247963816,13.21245247963816,0,380
2016-01-14 19:10:00,360,10,22.26,41.83333333333329,21.7,38.7925,22.1,42.23,18.79,44.59,17.1,53.9,4.263333333333329,72.7,17.76,38.9,18.89,45.29,16.89,42.03,3.9,748.5499999999998,78.5,7.16666666666667,40.0,0.46666666666666706,21.15493047749624,21.15493047749624,0,360
2016-01-14 19:20:00,360,10,22.323333333333295,42.5633333333333,21.7,39.1333333333333,22.1,42.363333333333294,18.79,44.73,17.1,53.9,4.19,73.7666666666667,17.79,38.83333333333329,18.89,45.23,16.89,41.863333333333294,3.8,748.6,80.0,7.3333333333333295,40.0,0.633333333333333,18.32818081602454,18.32818081602454,0,360
2016-01-14 19:30:00,100,10,22.463333333333296,47.76333333333329,21.73,39.6333333333333,22.0,42.53,18.79,45.0633333333333,17.1,54.03,3.9666666666666694,74.26,17.73,38.5666666666667,19.0,45.0266666666667,16.865,41.74,3.7,748.65,81.5,7.5,40.0,0.8,47.12526611983776,47.12526611983776,0,100
2016-01-14 19:40:00,100,10,22.73,46.86,21.79,40.36,22.066666666666695,43.1233333333333,18.89,46.433333333333294,17.1,54.2966666666667,3.9,74.9266666666667,17.76,38.19333333333329,18.9266666666667,44.69333333333329,16.8566666666667,41.6633333333333,3.6,748.7,83.0,7.666666666666669,40.0,0.966666666666667,6.1861782567575565,6.1861782567575565,0,100
2016-01-14 19:50:00,90,10,22.79,45.5266666666667,21.823333333333295,41.1566666666667,22.066666666666695,43.4,18.89,47.0266666666667,17.2,54.8,3.9333333333333296,74.96666666666668,17.7,37.82,18.9266666666667,44.73,16.89,41.59,3.5,748.75,84.5,7.8333333333333295,40.0,1.13333333333333,3.501633962150663,3.501633962150663,0,90
2016-01-14 20:00:00,90,20,22.79,44.83333333333329,21.89,40.9566666666667,22.0,43.4666666666667,18.963333333333296,47.23,17.2,55.0,4.0,75.2266666666667,17.7,37.5666666666667,19.0,44.79,16.9633333333333,42.863333333333294,3.4,748.7999999999998,86.0,8.0,40.0,1.3,48.21585189783946,48.21585189783946,0,90
2016-01-14 20:10:00,110,10,22.73,44.1,21.79,40.46,22.0,43.59,18.89,47.29,17.6333333333333,66.36,4.0,74.79999999999998,17.8333333333333,39.323333333333295,19.1,45.1333333333333,16.9816666666667,43.5766666666667,3.5,748.85,83.3333333333333,8.33333333333333,40.0,0.9166666666666669,22.125505411531776,22.125505411531776,0,110
2016-01-14 20:20:00,140,30,22.7,43.2966666666667,21.79,40.1266666666667,22.0,43.56,18.963333333333296,47.1333333333333,19.3,86.0333333333333,4.0,73.32666666666668,18.366666666666696,42.1233333333333,19.1,45.4666666666667,17.0,44.29,3.6,748.9,80.6666666666667,8.66666666666667,40.0,0.533333333333333,18.513619014993306,18.513619014993306,0,140
2016-01-14 20:30:00,110,20,22.7,42.89,21.7,40.19333333333329,22.0,43.5,18.89,46.86,18.66,83.0,4.1233333333333295,69.7,18.86,42.7266666666667,19.1,46.36,17.0,44.23,3.7,748.95,78.0,9.0,40.0,0.15,8.512179006356748,8.512179006356748,0,110
2016-01-14 20:40:00,100,20,22.7,43.0666666666667,21.7,40.6,22.0,43.4,18.963333333333296,46.6633333333333,18.4,74.9266666666667,4.19,68.1,19.1333333333333,43.1333333333333,19.1666666666667,46.6333333333333,17.0,43.9,3.8,749.0,75.3333333333333,9.33333333333333,40.0,-0.233333333333333,2.7095214696601038,2.7095214696601038,0,100
2016-01-14 20:50:00,110,20,22.7,43.07,21.7,41.0,22.0,43.4,18.89,46.463333333333296,18.795,63.5,4.3,65.56333333333329,19.323333333333295,43.4666666666667,19.23,46.7,17.0,43.5,3.9,749.0499999999998,72.6666666666667,9.66666666666667,40.0,-0.616666666666666,32.891403464600444,32.891403464600444,0,110
2016-01-14 21:00:00,130,20,22.7,42.6333333333333,21.76,41.0,21.9266666666667,43.4,18.89,46.2666666666667,19.13,68.6633333333333,4.3,63.5633333333333,19.39,43.3266666666667,19.29,46.7,16.9633333333333,43.1,4.0,749.1,70.0,10.0,40.0,-1.0,28.90809583477676,28.90809583477676,0,130
2016-01-14 21:10:00,140,30,22.73,41.93,21.79,40.73,21.9266666666667,43.3266666666667,19.0225,46.9225,19.323333333333295,79.4633333333333,4.19,62.49,19.533333333333296,43.0666666666667,19.4266666666667,46.56,16.89,42.7666666666667,3.9166666666666705,749.1666666666669,70.0,9.66666666666667,40.0,-1.08333333333333,49.355088197626166,49.355088197626166,0,140
2016-01-14 21:20:00,130,20,22.79,41.79,21.79,40.93,21.89,43.1633333333333,19.26,47.23,19.323333333333295,65.3633333333333,4.1233333333333295,61.8966666666667,19.6666666666667,43.4666666666667,19.5,46.2266666666667,16.89,42.33333333333329,3.8333333333333295,749.233333333333,70.0,9.33333333333333,40.0,-1.16666666666667,30.189620074816048,30.189620074816048,0,130
2016-01-14 21:30:00,120,20,22.79,41.79,21.79,41.09,21.89,43.09,19.29,46.7666666666667,19.39,58.6966666666667,3.895,61.34,19.6666666666667,42.5666666666667,19.7,45.7966666666667,16.89,42.0666666666667,3.75,749.2999999999998,70.0,9.0,40.0,-1.25,3.2474959385581315,3.2474959385581315,0,120
2016-01-14 21:40:00,100,10,22.79,41.73,21.8566666666667,41.1633333333333,21.79,42.9666666666667,19.23,46.3,19.533333333333296,55.1566666666667,3.6633333333333296,62.0933333333333,19.533333333333296,41.6333333333333,19.76,45.39,16.89,41.723333333333294,3.6666666666666705,749.366666666667,70.0,8.66666666666667,40.0,-1.33333333333333,8.105454093310982,8.105454093310982,0,100
2016-01-14 21:50:00,80,0,22.79,41.56,21.89,41.0,21.79,42.9,19.2,46.1266666666667,19.6,53.49,3.59,61.7,19.3566666666667,40.7333333333333,19.79,44.9666666666667,16.89,41.463333333333296,3.5833333333333295,749.4333333333329,70.0,8.33333333333333,40.0,-1.41666666666667,23.769896023441103,23.769896023441103,0,80
2016-01-14 22:00:00,50,10,22.79,41.5,21.89,40.86,21.79,42.79,19.2,46.1266666666667,19.7,51.863333333333294,3.6266666666666705,62.4,19.23,40.1333333333333,19.79,44.795,16.89,41.1333333333333,3.5,749.5,70.0,8.0,40.0,-1.5,0.0966417370364069,0.0966417370364069,0,50
2016-01-14 22:10:00,50,0,22.9266666666667,41.033333333333296,22.1,40.433333333333294,21.73,42.863333333333294,19.2,45.83333333333329,19.566666666666695,52.39,3.7,62.3266666666667,19.1,39.43,19.73,44.9,16.89,41.4666666666667,3.15,749.516666666667,73.6666666666667,7.8333333333333295,37.16666666666669,-1.2,22.07295715343207,22.07295715343207,0,50
2016-01-14 22:20:00,50,0,23.066666666666695,40.4266666666667,22.175,39.75,21.6666666666667,43.0,19.1333333333333,45.6266666666667,19.26,53.6966666666667,3.6633333333333296,61.5666666666667,19.033333333333296,39.363333333333294,19.7,45.6333333333333,17.0,43.3966666666667,2.8,749.533333333333,77.3333333333333,7.666666666666669,34.3333333333333,-0.9,13.046486862003803,13.046486862003803,0,50
2016-01-14 22:30:00,40,0,23.2,40.1633333333333,22.26,39.7,21.6,43.0,19.1,45.56,19.1333333333333,54.4233333333333,3.4633333333333294,64.5666666666667,19.0,39.73,19.7,46.1,17.0,44.0633333333333,2.45,749.5499999999998,81.0,7.5,31.5,-0.6,46.920687274541706,46.920687274541706,0,40
2016-01-14 22:40:00,50,0,23.26,40.09,22.39,39.6633333333333,21.566666666666695,43.0,19.033333333333296,45.3,19.0,55.0,2.96,70.6666666666667,18.9266666666667,39.93,19.7,46.6566666666667,17.0,44.745,2.1,749.5666666666668,84.6666666666667,7.3333333333333295,28.666666666666696,-0.3,35.79166418639943,35.79166418639943,0,50
2016-01-14 22:50:00,50,0,23.39,40.06,22.463333333333296,39.6633333333333,21.5,43.06,19.0,45.1333333333333,19.0,55.33333333333329,2.5,74.8666666666667,18.89,40.23,19.7,46.93,17.1,45.3266666666667,1.75,749.5833333333329,88.3333333333333,7.16666666666667,25.8333333333333,0.0,8.154273917898534,8.154273917898534,0,50
2016-01-14 23:00:00,50,0,23.39,40.0,22.6,39.6633333333333,21.463333333333296,43.0,18.9266666666667,44.933333333333294,18.89,55.6266666666667,2.13333333333333,78.3666666666667,18.815,40.3975,19.7,47.2666666666667,17.1,45.5266666666667,1.4,749.6,92.0,7.0,23.0,0.3,23.809400922618806,23.809400922618806,0,50
2016-01-14 23:10:00,40,0,23.5,40.0,22.6666666666667,39.6633333333333,21.39,43.06,18.89,44.76,18.89,55.76,1.93333333333333,80.4933333333333,18.79,40.56,19.7,47.5266666666667,17.1,45.6266666666667,1.3,749.5499999999998,92.3333333333333,7.3333333333333295,27.8333333333333,0.25,34.51283614849672,34.51283614849672,0,40
2016-01-14 23:20:00,30,0,23.566666666666695,39.933333333333294,22.7,39.59,21.39,43.145,18.823333333333295,44.6266666666667,18.79,55.79,1.79,83.46666666666668,18.7,40.73,19.7,47.7666666666667,17.1,45.76,1.2,749.5,92.6666666666667,7.666666666666669,32.66666666666669,0.2,23.04475897690281,23.04475897690281,0,30
2016-01-14 23:30:00,30,0,23.6,39.79,22.7,39.59,21.39,43.1633333333333,18.79,44.4666666666667,18.79,55.863333333333294,1.73,85.19333333333331,18.7,40.79,19.7,48.0266666666667,17.1,45.8266666666667,1.1,749.45,93.0,8.0,37.5,0.15,47.75733691640198,47.75733691640198,0,30
2016-01-14 23:40:00,40,0,23.6,39.73,22.73,39.5,21.323333333333295,43.09,18.79,44.3266666666667,18.79,55.8266666666667,1.56666666666667,87.3333333333333,18.6666666666667,40.9,19.7,48.39,17.1,45.9,1.0,749.4,93.3333333333333,8.33333333333333,42.33333333333329,0.1,35.62700612237677,35.62700612237677,0,40
2016-01-14 23:50:00,40,0,23.6,39.6633333333333,22.79,39.5,21.26,43.06,18.76,44.26,18.73,55.8266666666667,1.5,88.59999999999998,18.6,40.9,19.7,48.723333333333294,17.1,45.933333333333294,0.9,749.35,93.6666666666667,8.66666666666667,47.16666666666669,0.05,19.85739666270092,19.85739666270092,0,40
2016-01-15 00:00:00,50,0,23.6666666666667,39.6633333333333,22.79,39.4666666666667,21.2,43.06,18.7,44.2,18.745,55.79,1.39,89.46666666666668,18.6,41.2666666666667,19.7,48.8266666666667,17.1,46.0,0.8,749.2999999999998,94.0,9.0,52.0,0.0,5.886030604597181,5.886030604597181,0,50
2016-01-15 00:10:00,60,0,23.7,39.59,22.79,39.4,21.2,43.2,18.7,44.09,18.7,55.79,1.39,90.645,18.6,41.5266666666667,19.7,48.9,17.1,46.09,0.666666666666667,749.283333333333,95.0,9.16666666666667,49.0,0.0,12.00581365264952,12.00581365264952,0,60
2016-01-15 00:20:00,50,0,23.7,39.56,22.79,39.4,21.2,43.26,18.7,44.0225,18.6333333333333,55.73,1.39,91.8,18.6,41.6566666666667,19.6666666666667,48.93,17.1,46.1633333333333,0.533333333333333,749.266666666667,96.0,9.33333333333333,46.0,0.0,43.181528325658284,43.181528325658284,0,50
2016-01-15 00:30:00,60,0,23.7,39.433333333333294,22.79,39.3266666666667,21.2,43.29,18.7,43.933333333333294,18.7,55.7,1.13333333333333,92.99333333333328,18.6,41.863333333333294,19.6,48.79,17.1,46.3266666666667,0.4,749.25,97.0,9.5,43.0,0.0,21.79882008349523,21.79882008349523,0,60
2016-01-15 00:40:00,50,0,23.79,39.26,22.79,39.29,21.2,43.363333333333294,18.6666666666667,43.863333333333294,18.6333333333333,55.6266666666667,0.866666666666667,94.2666666666667,18.6,41.9,19.566666666666695,48.79,17.1,46.4,0.266666666666667,749.233333333333,98.0,9.66666666666667,40.0,0.0,24.893402599263936,24.893402599263936,0,50
2016-01-15 00:50:00,50,0,23.79,39.2,22.79,39.23,21.2,43.29,18.6,43.73,18.6666666666667,55.56,0.6666666666666669,94.53,18.6,41.9,19.5,48.79,17.1333333333333,46.5,0.133333333333333,749.216666666667,99.0,9.83333333333333,37.0,0.0,34.59638360654935,34.59638360654935,0,50
2016-01-15 01:00:00,50,0,23.79,39.1633333333333,22.79,39.2,21.2,43.29,18.6,43.7,18.6,55.433333333333294,0.5999999999999999,94.6566666666667,18.6,42.0,19.5,48.933333333333294,17.2,46.56,0.0,749.2,100.0,10.0,34.0,0.0,38.0156640894711,38.0156640894711,0,50
2016-01-15 01:10:00,50,0,23.73,39.09,22.79,39.2,21.2,43.29,18.6,43.7,18.6,55.363333333333294,0.5,94.6566666666667,18.6,42.0,19.5,49.2175,17.2,46.73,0.0666666666666667,749.233333333333,99.8333333333333,10.0,38.66666666666669,0.0333333333333333,7.770061132032424,7.770061132032424,0,50
2016-01-15 01:20:00,50,0,23.7,39.09,22.79,39.1266666666667,21.2,43.29,18.566666666666695,43.56,18.6,55.29,0.5,94.59,18.566666666666695,42.09,19.5,49.363333333333294,17.2,46.863333333333294,0.133333333333333,749.266666666667,99.6666666666667,10.0,43.33333333333329,0.0666666666666667,42.47285465244204,42.47285465244204,0,50
2016-01-15 01:30:00,50,0,23.7,39.03,22.79,39.1266666666667,21.2,43.29,18.5,43.5,18.6,55.29,0.5333333333333329,94.59,18.5,42.1633333333333,19.5,49.4,17.2,47.0,0.2,749.2999999999998,99.5,10.0,48.0,0.1,47.34089095145464,47.34089095145464,0,50
2016-01-15 01:40:00,60,0,23.7,39.09,22.7,39.09,21.2,43.363333333333294,18.5,43.5,18.6,55.29,0.5999999999999999,94.53,18.5,42.23,19.5,49.4,17.2,47.06,0.266666666666667,749.3333333333329,99.3333333333333,10.0,52.66666666666669,0.133333333333333,29.42095951875672,29.42095951875672,0,60
2016-01-15 01:50:00,50,0,23.6333333333333,39.03,22.7,39.09,21.2,43.4,18.5,43.433333333333294,18.6,55.1633333333333,0.6333333333333329,94.53,18.5,42.363333333333294,19.39,49.4,17.2,47.2,0.333333333333333,749.366666666667,99.1666666666667,10.0,57.33333333333329,0.166666666666667,25.112540763802823,25.112540763802823,0,50
2016-01-15 02:00:00,50,0,23.6,39.03,22.7,39.09,21.2,43.4666666666667,18.5,43.4,18.533333333333296,55.09,0.6999999999999998,94.59,18.5,42.4,19.39,49.4,17.2,47.29,0.4,749.4,99.0,10.0,62.0,0.2,9.488995885476468,9.488995885476468,0,50
2016-01-15 02:10:00,50,0,23.6,39.09,22.6,39.0,21.2,43.4666666666667,18.5,43.4,18.5,55.09,0.833333333333333,94.62333333333329,18.5,42.4,19.39,49.4,17.2,47.363333333333294,0.55,749.516666666667,97.8333333333333,10.1666666666667,55.5,0.2,0.0918429112061858,0.0918429112061858,0,50
2016-01-15 02:20:00,50,0,23.5,39.09,22.6,39.0,21.2,43.4,18.5,43.4,18.5,55.03,0.9,94.69,18.5,42.4,19.39,49.4666666666667,17.2,47.4,0.7,749.6333333333331,96.6666666666667,10.3333333333333,49.0,0.2,43.87890311190858,43.87890311190858,0,50
2016-01-15 02:30:00,40,0,23.4266666666667,39.09,22.5,39.09,21.2,43.4,18.5,43.4,18.5,55.0,1.03333333333333,94.62333333333329,18.5,42.4,19.39,49.53,17.2,47.4,0.85,749.75,95.5,10.5,42.5,0.2,6.7055668914690605,6.7055668914690605,0,40
2016-01-15 02:40:00,50,0,23.39,39.23,22.4266666666667,39.03,21.2,43.4,18.463333333333296,43.26,18.5,55.0,1.16666666666667,94.69,18.5,42.4,19.39,49.59,17.2,47.5,1.0,749.866666666667,94.3333333333333,10.6666666666667,36.0,0.2,1.1370612075552344,1.1370612075552344,0,50
2016-01-15 02:50:00,40,0,23.323333333333295,39.363333333333294,22.39,39.0,21.2,43.4,18.39,43.2,18.5,54.9,1.29,94.8,18.5,42.3266666666667,19.39,49.59,17.26,47.56,1.15,749.983333333333,93.1666666666667,10.8333333333333,29.5,0.2,46.95683530298993,46.95683530298993,0,40
2016-01-15 03:00:00,30,0,23.29,39.5,22.323333333333295,39.06,21.23,43.433333333333294,18.39,43.1266666666667,18.5,54.8266666666667,1.32333333333333,94.69,18.5,42.4666666666667,19.39,49.59,17.23,47.53,1.3,750.1,92.0,11.0,23.0,0.2,14.647436141967772,14.647436141967772,0,30
2016-01-15 03:10:00,40,0,23.23,39.433333333333294,22.26,39.06,21.29,43.5,18.39,43.2,18.463333333333296,54.76,1.39,94.69,18.5,42.5,19.39,49.59,17.29,47.6633333333333,1.53333333333333,750.216666666667,90.5,10.8333333333333,23.3333333333333,0.166666666666667,8.216328721027821,8.216328721027821,0,40
2016-01-15 03:20:00,30,0,23.2,39.5,22.2,39.06,21.26,43.56,18.39,43.09,18.39,54.6725,1.39,94.76333333333329,18.5,42.5,19.39,49.59,17.29,47.7,1.76666666666667,750.3333333333329,89.0,10.6666666666667,23.666666666666696,0.133333333333333,19.95512779103592,19.95512779103592,0,30
2016-01-15 03:30:00,60,0,23.1333333333333,39.433333333333294,22.1666666666667,39.09,21.2,43.5,18.39,43.09,18.39,54.59,1.46333333333333,94.83,18.5,42.5,19.39,49.56,17.29,47.7,2.0,750.45,87.5,10.5,24.0,0.1,22.978770604822785,22.978770604822785,0,60
2016-01-15 03:40:00,50,0,23.1,39.45,22.1,39.09,21.23,43.53,18.39,43.09,18.39,54.56,1.63333333333333,94.9,18.5,42.433333333333294,19.39,49.5,17.29,47.7,2.2333333333333294,750.5666666666668,86.0,10.3333333333333,24.3333333333333,0.0666666666666667,21.701542427763343,21.701542427763343,0,50
2016-01-15 03:50:00,50,0,23.0,39.4,22.0,39.09,21.29,43.59,18.323333333333295,43.06,18.39,54.5,1.8333333333333297,95.0266666666667,18.5,42.6266666666667,19.3566666666667,49.4666666666667,17.29,47.7,2.4666666666666694,750.6833333333329,84.5,10.1666666666667,24.666666666666696,0.0333333333333333,25.85049131885171,25.85049131885171,0,50
2016-01-15 04:00:00,40,0,22.9266666666667,39.4,21.9266666666667,39.09,21.29,43.59,18.39,43.0,18.3566666666667,54.5,1.93333333333333,95.06333333333329,18.5,42.76,19.29,49.4,17.29,47.7,2.7,750.7999999999998,83.0,10.0,25.0,0.0,42.31228763237596,42.31228763237596,0,40
2016-01-15 04:10:00,50,0,22.89,39.433333333333294,21.89,39.1266666666667,21.29,43.59,18.39,43.0,18.3566666666667,54.5,2.0,95.19,18.5,42.76,19.29,49.29,17.29,47.7,2.75,750.8833333333331,81.8333333333333,10.0,27.5,-0.15,2.7582143200561404,2.7582143200561404,0,50
2016-01-15 04:20:00,60,0,22.823333333333295,39.5,21.823333333333295,39.1266666666667,21.29,43.6266666666667,18.323333333333295,43.0,18.29,54.4,2.0,95.3666666666667,18.5,42.6266666666667,19.29,49.23,17.29,47.7,2.8,750.966666666667,80.6666666666667,10.0,30.0,-0.3,27.7088530594483,27.7088530594483,0,60
2016-01-15 04:30:00,50,0,22.79,39.53,21.76,39.09,21.29,43.7,18.323333333333295,42.9,18.29,54.4,1.93333333333333,95.56,18.5,42.56,19.29,49.2,17.29,47.7,2.85,751.0499999999998,79.5,10.0,32.5,-0.45,34.41376187838613,34.41376187838613,0,50
2016-01-15 04:40:00,50,0,22.73,39.59,21.7,39.09,21.29,43.7,18.323333333333295,42.9,18.29,54.29,1.9,95.76,18.5,42.433333333333294,19.29,49.29,17.29,47.59,2.9,751.1333333333331,78.3333333333333,10.0,35.0,-0.6,32.90287768468261,32.90287768468261,0,50
2016-01-15 04:50:00,50,0,22.6666666666667,39.56,21.7,39.2,21.29,43.6266666666667,18.29,42.863333333333294,18.29,54.29,1.9,95.9,18.463333333333296,42.33333333333329,19.29,49.29,17.29,47.59,2.95,751.216666666667,77.1666666666667,10.0,37.5,-0.75,33.16713626263663,33.16713626263663,0,50
2016-01-15 05:00:00,50,0,22.6,39.5,21.625,39.145,21.29,43.59,18.29,42.79,18.29,54.26,1.9,96.0,18.463333333333296,42.2,19.29,49.26,17.29,47.59,3.0,751.2999999999998,76.0,10.0,40.0,-0.9,23.611710127443075,23.611710127443075,0,50
2016-01-15 05:10:00,40,0,22.566666666666695,39.5,21.533333333333296,39.2,21.29,43.59,18.29,42.79,18.29,54.2,2.0266666666666695,96.2,18.39,42.1266666666667,19.29,49.2,17.3233333333333,47.59,3.03333333333333,751.3833333333331,75.3333333333333,10.0,40.0,-0.9833333333333328,48.47640830557793,48.47640830557793,0,40
2016-01-15 05:20:00,50,0,22.5,39.5,21.5,39.2,21.29,43.59,18.29,42.73,18.26,54.1633333333333,2.26666666666667,96.3333333333333,18.39,42.2,19.29,49.2,17.3233333333333,47.59,3.06666666666667,751.466666666667,74.6666666666667,10.0,40.0,-1.06666666666667,20.109853136818856,20.109853136818856,0,50
2016-01-15 05:30:00,50,0,22.39,39.4,21.4266666666667,39.2,21.29,43.53,18.23,42.6266666666667,18.2,54.09,2.475,96.3475,18.39,42.2,19.29,49.1266666666667,17.3233333333333,47.6266666666667,3.1,751.5499999999998,74.0,10.0,40.0,-1.15,42.477605189196765,42.477605189196765,0,50
2016-01-15 05:40:00,50,0,22.39,39.4,21.39,39.2,21.29,43.5,18.23,42.5666666666667,18.2,54.0,2.5,95.85666666666668,18.39,42.29,19.26,49.06,17.39,47.7,3.13333333333333,751.6333333333331,73.3333333333333,10.0,40.0,-1.23333333333333,37.83224537037313,37.83224537037313,0,50
2016-01-15 05:50:00,60,0,22.3566666666667,39.863333333333294,21.323333333333295,39.2,21.29,43.5,18.2,42.5,18.2,54.0,2.4,95.1666666666667,18.39,42.29,19.2,48.933333333333294,17.39,47.7,3.16666666666667,751.716666666667,72.6666666666667,10.0,40.0,-1.31666666666667,26.630060968454927,26.630060968454927,0,60
2016-01-15 06:00:00,50,0,22.29,39.79,21.29,39.29,21.29,43.5,18.2,42.5,18.2,53.9666666666667,2.4,94.4266666666667,18.39,42.3266666666667,19.2,48.79,17.39,47.7,3.2,751.7999999999998,72.0,10.0,40.0,-1.4,43.70748304063454,43.70748304063454,0,50
2016-01-15 06:10:00,40,0,22.2,39.7,21.29,39.29,21.29,43.59,18.2,42.4,18.2,53.9,2.4,93.8633333333333,18.39,42.5266666666667,19.2,48.79,17.39,47.7,3.2,751.8833333333331,72.6666666666667,9.83333333333333,40.0,-1.26666666666667,23.355755780357867,23.355755780357867,0,40
2016-01-15 06:20:00,50,0,22.2,39.7,21.2,39.23,21.29,43.59,18.2,42.4,18.1666666666667,53.9,2.4,93.92333333333329,18.5,42.76,19.2,48.7,17.39,47.7,3.2,751.966666666667,73.3333333333333,9.66666666666667,40.0,-1.13333333333333,0.4064227687194943,0.4064227687194943,0,50
2016-01-15 06:30:00,50,0,22.1666666666667,39.7,21.2,39.29,21.29,43.59,18.2,42.4,18.1,53.9,2.4,93.16333333333328,18.5,42.6266666666667,19.2,48.76,17.39,47.7,3.2,752.0499999999998,74.0,9.5,40.0,-1.0,36.388350231572986,36.388350231572986,0,50
2016-01-15 06:40:00,50,0,22.1,39.7,21.1,39.4,21.29,43.59,18.2,42.4,18.1,53.9,2.4666666666666694,92.69,18.39,42.4,19.1,48.8266666666667,17.39,47.7,3.2,752.1333333333331,74.6666666666667,9.33333333333333,40.0,-0.866666666666667,35.829473938792944,35.829473938792944,0,50
2016-01-15 06:50:00,30,0,22.066666666666695,39.6633333333333,21.1,39.4,21.29,43.59,18.1333333333333,42.3266666666667,18.1,53.79,2.5,92.56333333333329,18.39,42.5266666666667,19.1,48.9,17.39,47.7,3.2,752.216666666667,75.3333333333333,9.16666666666667,40.0,-0.733333333333333,9.371318551711738,9.371318551711738,0,30
2016-01-15 07:00:00,70,10,22.0,39.6175,21.0,39.3266666666667,21.29,43.6633333333333,18.1333333333333,42.29,18.1,53.79,2.5,92.56333333333329,18.4266666666667,42.9666666666667,19.1333333333333,49.03,17.39,47.7,3.2,752.2999999999998,76.0,9.0,40.0,-0.6,32.30336384149268,32.30336384149268,0,70
2016-01-15 07:10:00,50,10,21.9266666666667,39.9,21.0,39.4,21.26,43.56,18.1333333333333,42.29,18.1,53.89,2.5,91.8333333333333,18.5,43.433333333333294,19.1333333333333,49.223333333333294,17.4266666666667,47.7,3.2,752.3833333333331,76.3333333333333,8.83333333333333,40.0,-0.55,27.098963991738852,27.098963991738852,0,50
2016-01-15 07:20:00,50,10,21.89,40.223333333333294,20.963333333333296,39.4,21.2,43.5,18.1,42.29,18.1,54.363333333333294,2.43333333333333,90.0266666666667,18.5,43.1633333333333,19.1666666666667,49.1633333333333,17.4266666666667,47.5666666666667,3.2,752.466666666667,76.6666666666667,8.66666666666667,40.0,-0.5,16.76603798987344,16.76603798987344,0,50
2016-01-15 07:30:00,50,10,21.89,40.2966666666667,20.89,39.4666666666667,21.2,43.5,18.1,42.29,18.0,54.8,2.4,88.46666666666668,18.5,42.89,19.1,49.03,17.4633333333333,47.4,3.2,752.5499999999998,77.0,8.5,40.0,-0.45,31.8954361602664,31.8954361602664,0,50
2016-01-15 07:40:00,50,0,21.8566666666667,40.363333333333294,20.89,39.5,21.2,43.5,18.1,42.29,18.0,55.1333333333333,2.4,88.5333333333333,18.463333333333296,42.6333333333333,19.1,48.69,17.4633333333333,47.2,3.2,752.6333333333331,77.3333333333333,8.33333333333333,40.0,-0.4,41.460053191985935,41.460053191985935,0,50
2016-01-15 07:50:00,40,10,21.79,40.09666666666671,20.823333333333295,39.0266666666667,21.1333333333333,42.33333333333329,18.1,42.29,18.0,55.463333333333296,2.4,87.4333333333333,18.39,42.433333333333294,19.066666666666695,48.43,17.39,46.93,3.2,752.716666666667,77.6666666666667,8.16666666666667,40.0,-0.35,35.44875992229208,35.44875992229208,0,40
2016-01-15 08:00:00,50,10,21.6333333333333,36.66666666666671,20.296666666666695,35.6966666666667,20.6666666666667,38.393333333333295,18.1,42.29,18.0,55.723333333333294,2.4,86.2266666666667,18.39,42.1633333333333,19.0,48.23,17.39,46.73,3.2,752.7999999999998,78.0,8.0,40.0,-0.3,17.427517543546855,17.427517543546855,0,50
2016-01-15 08:10:00,50,10,21.36,34.4,19.63,33.29,19.593333333333305,35.79,18.1,42.29,18.0,55.933333333333294,2.4,87.0,18.39,42.03,19.0,48.06,17.39,46.45,3.2,752.866666666667,78.3333333333333,8.33333333333333,40.0,-0.25,6.416393746621907,6.416393746621907,0,50
2016-01-15 08:20:00,150,10,21.066666666666695,33.4333333333333,19.15,32.95,19.3266666666667,36.53,18.1,42.4,17.9266666666667,56.06,2.43333333333333,86.98999999999998,18.29,41.76,19.0,47.933333333333294,17.39,46.26,3.2,752.9333333333329,78.6666666666667,8.66666666666667,40.0,-0.2,19.403924443759024,19.403924443759024,0,150
2016-01-15 08:30:00,390,20,21.0,33.56,19.323333333333295,33.53,19.663333333333295,37.09,18.1,42.3266666666667,17.89,56.1333333333333,2.5,85.3966666666667,18.29,41.3666666666667,18.9266666666667,47.723333333333294,17.39,46.1266666666667,3.2,753.0,79.0,9.0,40.0,-0.15,46.40887741697952,46.40887741697952,0,390
2016-01-15 08:40:00,390,10,20.89,33.86,19.53,33.99,19.93,37.223333333333294,18.2633333333333,42.4666666666667,17.89,55.8,2.53,85.5666666666667,18.245,40.295,18.9266666666667,47.39,17.29,45.723333333333294,3.2,753.0666666666668,79.3333333333333,9.33333333333333,40.0,-0.1,40.21953856572509,40.21953856572509,0,390
2016-01-15 08:50:00,380,10,20.89,34.1933333333333,19.66,34.618,20.05,37.395,18.656666666666695,42.3266666666667,17.89,55.4,2.59,85.1666666666667,18.1666666666667,39.49,18.89,46.93,17.29,45.39,3.2,753.1333333333331,79.6666666666667,9.66666666666667,40.0,-0.05,37.93484035413712,37.93484035413712,0,380
2016-01-15 09:00:00,400,10,20.79,34.6666666666667,19.7,34.7666666666667,20.1,37.6566666666667,19.3,42.2,17.89,55.0,2.56,85.1333333333333,18.1,39.1566666666667,18.89,46.6566666666667,17.29,44.9,3.2,753.2,80.0,10.0,40.0,0.0,47.86249444587156,47.86249444587156,0,400
2016-01-15 09:10:00,370,10,20.79,35.1933333333333,19.7,35.1,20.1,37.93,19.6933333333333,41.9266666666667,17.89,54.6333333333333,2.5,85.1333333333333,18.1,38.7966666666667,18.8566666666667,46.0633333333333,17.29,44.5,3.2,753.283333333333,80.3333333333333,9.83333333333333,40.0,0.05,49.695693934336305,49.695693934336305,0,370
2016-01-15 09:20:00,310,10,20.76,35.9266666666667,19.79,35.4633333333333,20.2,38.2666666666667,20.066666666666695,41.363333333333294,17.8233333333333,54.3,2.59,85.19333333333331,18.1,38.53,18.79,45.6566666666667,17.29,44.2,3.2,753.366666666667,80.6666666666667,9.66666666666667,40.0,0.1,30.322049732785672,30.322049732785672,0,310
2016-01-15 09:30:00,40,10,20.76,36.4,19.8566666666667,35.7966666666667,20.2,38.5266666666667,20.3266666666667,41.1566666666667,17.8566666666667,53.9,2.59,85.0,18.066666666666695,38.19333333333329,18.79,45.33333333333329,17.29,44.1266666666667,3.2,753.45,81.0,9.5,40.0,0.15,1.4688582741655407,1.4688582741655407,0,40
2016-01-15 09:40:00,50,0,20.79,36.69333333333329,19.9266666666667,36.39,20.2,38.6633333333333,20.5,40.8,17.84,53.57,2.7,84.6266666666667,18.0,37.933333333333294,18.73,45.0666666666667,17.29,44.06,3.2,753.533333333333,81.3333333333333,9.33333333333333,40.0,0.2,16.822267894167453,16.822267894167453,0,50
2016-01-15 09:50:00,70,10,20.79,37.0266666666667,20.0,36.723333333333294,20.2,38.723333333333294,20.3566666666667,40.59,17.79,53.3266666666667,2.76,84.3666666666667,18.0,37.76,18.7,44.83333333333329,17.29,43.933333333333294,3.2,753.616666666667,81.6666666666667,9.16666666666667,40.0,0.25,13.88290433678776,13.88290433678776,0,70
2016-01-15 10:00:00,60,10,20.89,37.36,20.033333333333296,37.0666666666667,20.2,38.963333333333296,20.29,40.463333333333296,17.79,53.06,2.73,83.06,18.0,37.6266666666667,18.7,44.6266666666667,17.29,43.723333333333294,3.2,753.7,82.0,9.0,40.0,0.3,5.859877506736666,5.859877506736666,0,60
2016-01-15 10:10:00,90,10,20.89,37.6333333333333,20.1,37.33333333333329,20.26,39.223333333333294,20.2,40.363333333333294,17.79,53.0,2.86333333333333,82.3333333333333,17.9633333333333,37.4666666666667,18.7,44.4666666666667,17.29,43.59,3.31666666666667,753.7999999999998,82.0,8.83333333333333,38.16666666666669,0.43333333333333296,2.1609129500575364,2.1609129500575364,0,90
2016-01-15 10:20:00,60,10,20.89,37.8,20.2,37.5,20.323333333333295,39.29,20.1333333333333,40.29,17.79,52.9,3.03,80.7566666666667,17.9633333333333,37.4,18.6333333333333,44.19333333333329,17.29,43.4,3.43333333333333,753.9,82.0,8.66666666666667,36.33333333333329,0.566666666666667,18.51548928534612,18.51548928534612,0,60
2016-01-15 10:30:00,60,20,20.89,38.0666666666667,20.2,37.6333333333333,20.323333333333295,39.363333333333294,20.1,40.09,17.79,52.8266666666667,3.09,79.9633333333333,17.89,37.2,18.6,43.9666666666667,17.29,43.3266666666667,3.55,754.0,82.0,8.5,34.5,0.7,16.843915439676493,16.843915439676493,0,60
2016-01-15 10:40:00,100,0,20.89,38.2,20.29,38.1266666666667,20.39,39.5,20.1030864197531,40.10987654320991,17.79,52.76,3.12666666666667,80.4333333333333,17.89,37.1266666666667,18.6,43.8266666666667,17.29,43.1633333333333,3.6666666666666705,754.1,82.0,8.33333333333333,32.66666666666669,0.8333333333333329,8.682627673260868,8.682627673260868,0,100
2016-01-15 10:50:00,380,10,20.9266666666667,38.29,20.29,38.0666666666667,20.39,39.5,20.1061728395062,40.1297530864198,17.79,52.6266666666667,3.2,79.3666666666667,17.89,37.06,18.6,43.6633333333333,17.29,43.03,3.7833333333333297,754.2,82.0,8.16666666666667,30.8333333333333,0.966666666666667,31.088663975242525,31.088663975242525,0,380
2016-01-15 11:00:00,390,10,21.0,38.363333333333294,20.29,38.09,20.39,39.7,20.1092592592593,40.1496296296296,17.73,52.59,3.395,79.68999999999998,17.89,37.0,18.55,43.645,17.26,42.863333333333294,3.9,754.2999999999998,82.0,8.0,29.0,1.1,19.89218137459829,19.89218137459829,0,390
2016-01-15 11:10:00,130,10,21.0,38.433333333333294,20.3566666666667,38.09,20.39,39.7,20.1123456790123,40.1695061728395,17.79,52.59,3.6566666666666694,78.98999999999998,17.89,36.9666666666667,18.533333333333296,43.53,17.26,42.79,3.86666666666667,754.366666666667,83.0,8.16666666666667,27.666666666666696,1.21666666666667,47.78378843329847,47.78378843329847,0,130
2016-01-15 11:20:00,60,0,21.0,38.56,20.39,38.23,20.5,39.79,20.1154320987654,40.1893827160494,17.73,52.5,3.79,78.6566666666667,17.89,36.9,18.5,43.4666666666667,17.29,42.7,3.8333333333333295,754.4333333333329,84.0,8.33333333333333,26.3333333333333,1.33333333333333,32.66747215529904,32.66747215529904,0,60
2016-01-15 11:30:00,60,10,20.963333333333296,38.59,20.39,38.363333333333294,20.5,39.863333333333294,20.118518518518496,40.2092592592593,17.73,52.5,3.9333333333333296,78.09999999999998,17.89,36.863333333333294,18.5,43.4,17.29,42.6633333333333,3.8,754.5,85.0,8.5,25.0,1.45,16.43718583509326,16.43718583509326,0,60
2016-01-15 11:40:00,50,10,20.89,38.59,20.39,38.35,20.5,39.9,20.1216049382716,40.2291358024691,17.73,52.4,4.0,79.1666666666667,17.89,36.863333333333294,18.5,43.29,17.29,42.53,3.7666666666666706,754.5666666666668,86.0,8.66666666666667,23.666666666666696,1.56666666666667,9.85733567504212,9.85733567504212,0,50
2016-01-15 11:50:00,60,10,20.89,38.5266666666667,20.29,38.0666666666667,20.5,39.8266666666667,20.124691358024705,40.249012345679,17.73,52.3266666666667,4.03,78.7,17.79,36.79,18.5,43.23,17.29,42.4666666666667,3.7333333333333294,754.6333333333331,87.0,8.83333333333333,22.3333333333333,1.68333333333333,5.767116241622716,5.767116241622716,0,60
2016-01-15 12:00:00,60,10,20.89,38.4,20.29,38.15,20.39,39.7,20.1277777777778,40.268888888888895,17.7,52.18166666666671,4.09,77.8933333333333,17.79,36.79,18.48,43.2127272727273,17.29,42.4,3.7,754.7,88.0,9.0,21.0,1.8,49.79827393544838,49.79827393544838,0,60
2016-01-15 12:10:00,240,0,20.89,38.5,20.351111111111095,37.9983333333333,20.5,39.79,20.1308641975309,40.2887654320988,17.7,52.0872222222222,4.22666666666667,77.6566666666667,17.79,36.728125,18.43,43.13,17.29,42.29,3.7333333333333294,754.75,87.8333333333333,8.83333333333333,27.666666666666696,1.81666666666667,18.96383626153693,18.96383626153693,0,240
2016-01-15 12:20:00,80,10,20.89,38.893333333333295,20.445,37.95,20.5,39.863333333333294,20.133950617284,40.3086419753086,17.72,51.9933333333333,4.36666666666667,75.92333333333329,17.79,36.7,18.4938888888889,43.19388888888889,17.29,42.29,3.7666666666666706,754.7999999999998,87.6666666666667,8.66666666666667,34.3333333333333,1.8333333333333297,28.099404636304826,28.099404636304826,0,80
2016-01-15 12:30:00,80,0,21.0,39.79,20.5833333333333,37.9777777777778,20.533333333333296,40.0,20.137037037037,40.32851851851849,17.735,51.9222222222222,4.59,75.0233333333333,17.79,36.7,18.4205555555556,43.1205555555556,17.26,42.1633333333333,3.8,754.85,87.5,8.5,41.0,1.85,36.63590088253841,36.63590088253841,0,80
2016-01-15 12:40:00,400,0,21.0,39.99,20.625,38.0,20.6,40.06,20.1401234567901,40.3483950617284,17.7075,51.8725,4.59,74.9566666666667,17.79,36.7,18.39,43.09,17.26,42.09,3.8333333333333295,754.9,87.3333333333333,8.33333333333333,47.66666666666669,1.86666666666667,43.54027764638886,43.54027764638886,0,400
2016-01-15 12:50:00,400,0,21.1,39.5266666666667,20.710625,38.0675,20.6,40.09,20.1432098765432,40.36827160493831,17.728125,51.78,4.59,73.36,17.7675,36.651875,18.39,43.09,17.29,42.09,3.86666666666667,754.95,87.1666666666667,8.16666666666667,54.33333333333329,1.88333333333333,28.60851298319176,28.60851298319176,0,400
2016-01-15 13:00:00,460,10,21.1,39.3266666666667,20.79,38.039375,20.6,40.09,20.146296296296295,40.3881481481481,17.735,51.72,4.59,74.8333333333333,17.79,36.59,18.39,43.09,17.29,42.03,3.9,755.0,87.0,8.0,61.0,1.9,0.5518035497516393,0.5518035497516393,0,460
2016-01-15 13:10:00,170,0,21.2,39.1633333333333,20.85875,38.039375,20.5,40.1266666666667,20.1493827160494,40.408024691358,17.78,51.6877777777778,4.6233333333333295,74.0,17.79,36.54764705882351,18.39,43.104285714285695,17.29,41.9666666666667,3.95,755.0,86.8333333333333,8.0,55.66666666666669,1.93333333333333,45.31576306326314,45.31576306326314,0,170
2016-01-15 13:20:00,210,0,21.2,39.03,20.89,38.075,20.5,40.2,20.152469135802505,40.4279012345679,17.7,51.59,4.763333333333329,73.7933333333333,17.79,36.57875,18.39,43.198235294117694,17.29,42.2333333333333,4.0,755.0,86.6666666666667,8.0,50.33333333333329,1.9666666666666697,38.532681576907635,38.532681576907635,0,210
2016-01-15 13:30:00,190,0,21.29,38.995,20.9327777777778,38.015,20.5,40.29,20.1555555555556,40.4477777777778,17.7,51.57875,4.76,72.53,17.7688235294118,36.5,18.39,43.09,17.3233333333333,43.2333333333333,4.05,755.0,86.5,8.0,45.0,2.0,19.12523116916418,19.12523116916418,0,190
2016-01-15 13:40:00,70,0,21.323333333333295,38.76,21.038888888888895,38.0,20.5,40.29,20.1586419753086,40.4676543209877,17.745,51.535,4.975,71.77,17.79,36.5,18.39,43.09,17.39,44.4933333333333,4.1,755.0,86.3333333333333,8.0,39.66666666666669,2.03333333333333,4.702294443268329,4.702294443268329,0,70
2016-01-15 13:50:00,80,0,21.39,38.7,21.088888888888896,38.05,20.533333333333296,40.2,20.1617283950617,40.4875308641975,17.8966666666667,50.6705555555556,4.93333333333333,71.7633333333333,17.79,36.5,18.39,43.084375,17.5,46.16666666666671,4.15,755.0,86.1666666666667,8.0,34.3333333333333,2.06666666666667,2.4826791952364142,2.4826791952364142,0,80
2016-01-15 14:00:00,60,10,21.4266666666667,38.79,21.1111111111111,38.02,20.6,40.2,20.1648148148148,40.5074074074074,18.331111111111095,48.5316666666667,5.03,70.9566666666667,17.79,36.5,18.39,42.9822222222222,17.5666666666667,46.56,4.2,755.0,86.0,8.0,29.0,2.1,41.05811590561643,41.05811590561643,0,60
2016-01-15 14:10:00,70,0,21.5,38.79,21.1722222222222,38.01,20.6,40.2,20.1679012345679,40.527283950617296,18.5766666666667,47.3644444444444,5.03,70.8966666666667,17.79,36.4777777777778,18.39,42.9,17.6,46.5,4.25,755.0499999999998,85.6666666666667,8.0,30.8333333333333,2.0833333333333295,41.466215217951685,41.466215217951685,0,70
2016-01-15 14:20:00,60,0,21.5,38.8266666666667,21.2,37.95,20.6,40.2,20.170987654321,40.5471604938272,18.76,46.575,5.1233333333333295,70.1933333333333,17.79,36.45,18.3622222222222,42.9,17.6666666666667,46.5,4.3,755.1,85.3333333333333,8.0,32.66666666666669,2.06666666666667,32.7366437879391,32.7366437879391,0,60
2016-01-15 14:30:00,70,0,21.5,39.0266666666667,21.275,37.9444444444444,20.6,40.29,20.174074074074095,40.567037037037,18.8794444444444,46.125,5.263333333333329,69.5266666666667,17.77,36.4,18.3288888888889,42.8277777777778,17.65,46.245,4.35,755.15,85.0,8.0,34.5,2.05,6.641390651930124,6.641390651930124,0,70
2016-01-15 14:40:00,60,0,21.6,39.06,21.29,37.845,20.6,40.29,20.1771604938272,40.58691358024689,18.9877777777778,45.6144444444444,5.36666666666667,68.7666666666667,17.79,36.3694444444444,18.3566666666667,42.71,17.7,45.93,4.4,755.2,84.6666666666667,8.0,36.33333333333329,2.03333333333333,17.090495058801025,17.090495058801025,0,60
2016-01-15 14:50:00,60,0,21.6666666666667,38.933333333333294,21.29,37.6627777777778,20.533333333333296,40.29,20.1802469135802,40.6067901234568,19.1,45.143333333333295,5.3,67.8933333333333,17.79,36.29,18.3455555555556,42.69388888888889,17.6333333333333,45.53,4.45,755.25,84.3333333333333,8.0,38.16666666666669,2.0166666666666706,36.56857894966378,36.56857894966378,0,60
2016-01-15 15:00:00,60,0,21.73,38.69333333333329,21.29,37.51,20.6,40.23,20.183333333333305,40.6266666666667,19.225,44.54166666666671,5.3,67.96,17.775,36.29,18.323333333333295,42.6266666666667,17.6,45.0266666666667,4.5,755.2999999999998,84.0,8.0,40.0,2.0,45.364570803940296,45.364570803940296,0,60
2016-01-15 15:10:00,60,0,21.79,38.36,21.3572222222222,37.4444444444444,20.65,40.045,20.1864197530864,40.6465432098765,19.2955555555556,44.0405555555556,5.36666666666667,68.2933333333333,17.785,36.29,18.3177777777778,42.59,17.6,44.69333333333329,4.03333333333333,755.45,86.0,7.8333333333333295,36.83333333333329,1.85,34.809849970042706,34.809849970042706,0,60
2016-01-15 15:20:00,60,0,21.823333333333295,38.29,21.4877777777778,37.488888888888894,20.73,39.93,20.1895061728395,40.6664197530864,19.378888888888895,43.6422222222222,5.263333333333329,71.2666666666667,17.79,36.29,18.29,42.59,17.5,44.223333333333294,3.56666666666667,755.6,88.0,7.666666666666669,33.66666666666669,1.7,12.078961113002151,12.078961113002151,0,60
2016-01-15 15:30:00,50,10,21.963333333333296,38.29,21.561111111111096,37.4105555555556,20.8566666666667,39.79,20.1925925925926,40.6862962962963,19.5483333333333,43.3983333333333,5.06333333333333,74.2666666666667,17.78,36.29,18.29,42.6144444444444,17.5,43.89,3.1,755.75,90.0,7.5,30.5,1.55,32.20536143053323,32.20536143053323,0,50
2016-01-15 15:40:00,50,0,22.033333333333296,38.1266666666667,21.65,37.3572222222222,20.9266666666667,39.79,20.1956790123457,40.7061728395062,19.6666666666667,43.1944444444444,4.69,78.42333333333329,17.75,36.338888888888896,18.29,42.6327777777778,17.5,43.6333333333333,2.63333333333333,755.9,92.0,7.3333333333333295,27.3333333333333,1.4,14.037510682828724,14.037510682828724,0,50
2016-01-15 15:50:00,60,0,22.1666666666667,38.2,21.715,37.308333333333294,21.0,39.79,20.1987654320988,40.726049382716,19.7805555555556,42.9111111111111,4.69,78.6966666666667,17.72,36.3816666666667,18.29,42.6633333333333,17.5,43.36,2.16666666666667,756.0499999999998,94.0,7.16666666666667,24.166666666666696,1.25,47.8818260366097,47.8818260366097,0,60
2016-01-15 16:00:00,50,0,22.2,38.09,21.79,37.29,21.033333333333296,39.8266666666667,20.201851851851895,40.7459259259259,19.878888888888895,42.7894444444444,4.5,80.8233333333333,17.76,36.4,18.29,42.7,17.5,43.1333333333333,1.7,756.2,96.0,7.0,21.0,1.1,7.919797836802899,7.919797836802899,0,50
2016-01-15 16:10:00,50,0,22.26,38.09,21.83,37.29,21.1,39.8266666666667,20.204938271604895,40.7658024691358,19.9572222222222,42.5877777777778,4.43333333333333,80.8233333333333,17.745,36.4,18.29,42.7,17.5,42.933333333333294,1.78333333333333,756.266666666667,95.6666666666667,7.0,27.666666666666696,1.13333333333333,20.916949585080143,20.916949585080143,0,50
2016-01-15 16:20:00,70,0,22.323333333333295,38.06,21.8677777777778,37.27,21.1333333333333,39.79,20.208024691358,40.785679012345696,20.0,42.4111111111111,4.4,80.1333333333333,17.72,36.4,18.27,42.6755555555556,17.4633333333333,42.76,1.86666666666667,756.3333333333329,95.3333333333333,7.0,34.3333333333333,1.16666666666667,12.60048986878246,12.60048986878246,0,70
2016-01-15 16:30:00,50,0,22.323333333333295,38.0,21.8677777777778,37.215,21.2,39.79,20.2111111111111,40.8055555555556,20.0833333333333,42.293333333333294,4.425,82.0425,17.7,36.4388888888889,18.29,42.705,17.4633333333333,42.7,1.95,756.4,95.0,7.0,41.0,1.2,4.719513386953622,4.719513386953622,0,50
2016-01-15 16:40:00,60,0,22.323333333333295,37.9666666666667,21.89,37.2,21.2,39.79,20.2141975308642,40.8254320987654,20.1,42.145,4.1,92.46333333333328,17.74,36.5,18.29,42.75,17.5,42.56,2.03333333333333,756.466666666667,94.6666666666667,7.0,47.66666666666669,1.23333333333333,41.38588848290965,41.38588848290965,0,60
2016-01-15 16:50:00,60,0,22.39,37.8725,21.8677777777778,37.1511111111111,21.2,39.73,20.2172839506173,40.84530864197529,20.1777777777778,42.04,3.2,94.8,17.72,36.515,18.29,42.8105555555556,17.5,42.433333333333294,2.11666666666667,756.533333333333,94.3333333333333,7.0,54.33333333333329,1.26666666666667,26.26527518732473,26.26527518732473,0,60
2016-01-15 17:00:00,90,0,22.39,37.863333333333294,21.8677777777778,37.1755555555556,21.2,39.59,20.2203703703704,40.8651851851852,20.1444444444444,42.055,1.9,95.545,17.7,36.525,18.4116666666667,44.2394444444444,17.39,42.26,2.2,756.6,94.0,7.0,61.0,1.3,33.387381373904645,33.387381373904645,0,90
2016-01-15 17:10:00,100,10,22.39,37.79,21.89,37.145,21.2,39.6633333333333,20.2234567901235,40.8850617283951,20.1944444444444,41.91666666666671,2.03,95.7266666666667,17.72,36.45,18.75,45.0122222222222,17.39,42.1266666666667,2.31666666666667,756.716666666667,93.8333333333333,6.66666666666667,54.66666666666669,1.4,20.413887989707288,20.413887989707288,0,100
2016-01-15 17:20:00,90,0,22.39,37.79,21.89,37.1022222222222,21.2,39.59,20.2265432098765,40.9049382716049,20.2,41.83,2.09,95.8,17.7,36.433333333333294,19.0544444444444,45.1572222222222,17.39,41.9666666666667,2.43333333333333,756.8333333333329,93.6666666666667,6.3333333333333295,48.33333333333329,1.5,42.12949516950175,42.12949516950175,0,90
2016-01-15 17:30:00,100,10,22.39,37.79,21.89,37.09,21.2,39.59,20.2296296296296,40.9248148148148,20.2,41.6975,2.12666666666667,95.56,17.7,36.407142857142894,19.2438888888889,45.1572222222222,17.39,41.8266666666667,2.55,756.95,93.5,6.0,42.0,1.6,36.86527339741588,36.86527339741588,0,100
2016-01-15 17:40:00,110,0,22.39,37.79,21.89,37.09,21.2,39.59,20.232716049382695,40.9446913580247,20.23375,41.645,2.26,95.5,17.7,36.45,19.3515384615385,45.09,17.34,41.745,2.66666666666667,757.0666666666668,93.3333333333333,5.66666666666667,35.66666666666669,1.7,17.411220050416887,17.411220050416887,0,110
2016-01-15 17:50:00,100,10,22.39,37.79,21.89,37.09,21.2,39.59,20.2358024691358,40.9645679012346,20.29,41.645,2.43333333333333,95.43333333333328,17.7,36.4875,19.49,45.19,17.3566666666667,41.6633333333333,2.78333333333333,757.1833333333329,93.1666666666667,5.3333333333333295,29.3333333333333,1.8,47.446908871643245,47.446908871643245,0,100
2016-01-15 18:00:00,80,0,22.39,37.79,21.89,37.09,21.29,39.7,20.2388888888889,40.9844444444444,20.29,41.59,2.43333333333333,95.29333333333328,17.7,36.4666666666667,19.5,45.236,17.3566666666667,41.59,2.9,757.2999999999998,93.0,5.0,23.0,1.9,32.33395949937403,32.33395949937403,0,80
2016-01-15 18:10:00,110,10,22.39,37.86,21.89,37.1541666666667,21.29,39.7,20.241975308642,41.0043209876543,20.37,41.518,2.43333333333333,95.19,17.7,36.5,19.39,45.308333333333294,17.29,41.5,2.8333333333333295,757.4166666666669,93.0,5.3333333333333295,29.666666666666696,1.8333333333333297,1.7638883437030015,1.7638883437030015,0,110
2016-01-15 18:20:00,260,10,22.39,38.66666666666671,21.89,37.1214285714286,21.29,39.7,20.2450617283951,41.0241975308642,20.34,41.5,2.5,95.19,17.7,36.5,19.39,45.3977777777778,17.29,41.433333333333294,2.7666666666666706,757.533333333333,93.0,5.66666666666667,36.33333333333329,1.76666666666667,29.822422785218805,29.822422785218805,0,260
2016-01-15 18:30:00,350,10,22.463333333333296,39.9566666666667,21.89,37.1855555555556,21.29,39.9566666666667,20.2481481481482,41.044074074074096,20.39,41.576875,2.4,95.0,17.6714285714286,36.47142857142861,19.39,45.4909090909091,17.29,41.363333333333294,2.7,757.65,93.0,6.0,43.0,1.7,20.76590007636696,20.76590007636696,0,350
2016-01-15 18:40:00,500,10,22.39,42.03,21.89,37.46,21.29,40.6966666666667,20.2512345679012,41.063950617284,20.39,42.1783333333333,2.4,95.0,17.7,36.5,19.4266666666667,45.61166666666671,17.29,41.29,2.63333333333333,757.766666666667,93.0,6.3333333333333295,49.66666666666669,1.63333333333333,3.844851907342672,3.844851907342672,0,500
2016-01-15 18:50:00,370,10,22.4266666666667,43.39,21.956,37.92,21.323333333333295,41.6966666666667,20.2543209876543,41.0838271604938,20.410625,42.9975,2.36333333333333,94.96666666666668,17.6916666666667,36.4916666666667,19.452857142857095,45.6528571428571,17.29,41.26,2.56666666666667,757.8833333333331,93.0,6.66666666666667,56.33333333333329,1.56666666666667,26.40244396170601,26.40244396170601,0,370
2016-01-15 19:00:00,330,20,22.5,45.6633333333333,22.0,38.395,21.39,42.83,20.2574074074074,41.103703703703694,20.39,43.6,2.29,94.9,17.64,36.44,19.4266666666667,45.59,17.29,41.2,2.5,758.0,93.0,7.0,63.0,1.5,48.116665426641696,48.116665426641696,0,330
2016-01-15 19:10:00,100,10,22.5,47.19333333333329,22.0,39.09666666666671,21.4266666666667,44.16666666666671,20.260493827160495,41.1235802469136,20.39,44.16,2.29,94.9,17.6,36.4,19.5,45.59,17.29,41.1633333333333,2.5,758.1333333333331,93.6666666666667,6.66666666666667,63.16666666666669,1.6,35.437002556864165,35.437002556864165,0,100
2016-01-15 19:20:00,110,20,22.566666666666695,46.86,22.0,39.43,21.4266666666667,44.2266666666667,20.2635802469136,41.1434567901235,20.5,45.09,2.14,94.7425,17.6666666666667,36.4666666666667,19.533333333333296,45.4,17.29,41.1633333333333,2.5,758.266666666667,94.3333333333333,6.3333333333333295,63.33333333333329,1.7,27.67378517892212,27.67378517892212,0,110
2016-01-15 19:30:00,140,20,22.6,44.893333333333295,22.0,39.5266666666667,21.39,43.723333333333294,20.2666666666667,41.1633333333333,20.5,45.09,2.16333333333333,94.62333333333329,17.6633333333333,37.863333333333294,19.533333333333296,45.1266666666667,17.29,41.2,2.5,758.4,95.0,6.0,63.5,1.8,12.147830449976029,12.147830449976029,0,140
2016-01-15 19:40:00,310,30,22.6,43.893333333333295,22.0,39.19333333333329,21.323333333333295,43.53,20.533333333333296,43.223333333333294,20.5,44.533333333333296,2.23,94.62333333333329,18.123333333333296,41.3966666666667,19.6333333333333,45.1566666666667,17.29,41.1266666666667,2.5,758.533333333333,95.6666666666667,5.66666666666667,63.66666666666669,1.9,38.90212645055726,38.90212645055726,0,310
2016-01-15 19:50:00,330,20,22.6,42.4966666666667,22.0,39.06,21.29,43.26,20.3266666666667,43.33333333333329,20.4266666666667,44.0666666666667,2.29,94.69,18.533333333333296,41.463333333333296,19.7225,45.195,17.29,41.09,2.5,758.6666666666669,96.3333333333333,5.3333333333333295,63.83333333333329,2.0,32.59704717202112,32.59704717202112,0,330
2016-01-15 20:00:00,190,20,22.6,41.7566666666667,22.0,39.0,21.29,43.0666666666667,20.1333333333333,43.2,20.7,52.6633333333333,2.32666666666667,94.69,18.726666666666695,41.463333333333296,19.8566666666667,45.09,17.29,41.03,2.5,758.7999999999998,97.0,5.0,64.0,2.1,41.512285196222365,41.512285196222365,0,190
2016-01-15 20:10:00,160,20,22.6,41.05,22.0,38.933333333333294,21.2,42.6633333333333,20.066666666666695,43.0,20.893333333333295,68.5966666666667,2.4,94.69,18.76,40.9666666666667,20.033333333333296,45.03,17.29,41.2,2.45,758.8833333333331,97.0,4.8333333333333295,64.0,2.03333333333333,32.427547371480614,32.427547371480614,0,160
2016-01-15 20:20:00,160,30,22.7,40.863333333333294,22.0,39.1333333333333,21.2,42.463333333333296,20.066666666666695,43.46,20.7,59.6,2.36333333333333,94.69,18.7,40.7666666666667,20.1,45.09,17.29,41.2,2.4,758.966666666667,97.0,4.66666666666667,64.0,1.9666666666666697,23.991789715364572,23.991789715364572,0,160
2016-01-15 20:30:00,480,10,22.76,40.73,22.1,39.5,21.23,42.29,20.1,43.433333333333294,20.7,52.9933333333333,2.29,94.62333333333329,18.7,40.395,20.1333333333333,45.06,17.29,41.2,2.35,759.0499999999998,97.0,4.5,64.0,1.9,24.75320528028533,24.75320528028533,0,480
2016-01-15 20:40:00,280,20,22.89,40.59,22.1975,39.5225,21.29,42.23,20.2933333333333,43.5,20.79,49.39,2.26,94.56,18.79,40.06,20.2,44.933333333333294,17.29,41.1266666666667,2.3,759.1333333333331,97.0,4.3333333333333295,64.0,1.8333333333333297,18.993629573378712,18.993629573378712,0,280
2016-01-15 20:50:00,130,20,22.963333333333296,40.463333333333296,22.29,39.59,21.29,42.09,20.7633333333333,42.9966666666667,20.79,47.9966666666667,1.86666666666667,94.43333333333328,18.8566666666667,40.0,20.29,44.83333333333329,17.245,41.045,2.25,759.216666666667,97.0,4.16666666666667,64.0,1.76666666666667,22.52427185885608,22.52427185885608,0,130
2016-01-15 21:00:00,150,20,23.033333333333296,40.223333333333294,22.39,39.4666666666667,21.29,42.09,20.89,42.33,20.89,46.893333333333295,1.35666666666667,94.1566666666667,18.9266666666667,39.83333333333329,20.3566666666667,44.6266666666667,17.2,40.9,2.2,759.2999999999998,97.0,4.0,64.0,1.7,40.71258752373978,40.71258752373978,0,150
2016-01-15 21:10:00,140,20,23.1,39.963333333333296,22.39,39.3266666666667,21.29,42.09,20.8566666666667,42.2,20.89,46.2266666666667,1.23,94.03,19.0,39.5666666666667,20.323333333333295,44.4666666666667,17.2,40.8266666666667,2.2,759.4166666666669,96.8333333333333,4.0,57.16666666666669,1.68333333333333,46.438861289061606,46.438861289061606,0,140
2016-01-15 21:20:00,130,20,23.2,39.723333333333294,22.39,39.1633333333333,21.29,42.03,20.79,42.26,20.89,45.49,1.29,94.1566666666667,19.0,39.36,20.39,44.3266666666667,17.2,40.76,2.2,759.533333333333,96.6666666666667,4.0,50.33333333333329,1.66666666666667,7.374052261002362,7.374052261002362,0,130
2016-01-15 21:30:00,130,20,23.2,39.53,22.39,39.03,21.29,41.95,20.79,42.53,20.89,45.03,1.35666666666667,94.1566666666667,19.066666666666695,39.5,20.5,44.26,17.2,40.6266666666667,2.2,759.65,96.5,4.0,43.5,1.65,37.49108324991539,37.49108324991539,0,130
2016-01-15 21:40:00,340,20,23.2,39.33333333333329,22.5,38.9666666666667,21.29,41.9,20.79,42.6633333333333,20.89,44.5266666666667,1.7,94.3333333333333,19.1,39.26,20.5,44.2,17.2,40.56,2.2,759.766666666667,96.3333333333333,4.0,36.66666666666669,1.63333333333333,48.78286748426035,48.78286748426035,0,340
2016-01-15 21:50:00,490,10,23.2,39.1266666666667,22.4266666666667,38.8266666666667,21.23,41.8266666666667,20.8566666666667,42.9,20.9725,44.2225,1.9666666666666697,94.4,19.1,39.1266666666667,20.6,44.2,17.2,40.5,2.2,759.8833333333331,96.1666666666667,4.0,29.8333333333333,1.61666666666667,48.73962317360565,48.73962317360565,0,490
2016-01-15 22:00:00,230,10,23.2,39.06,22.39,38.76,21.2,41.79,20.79,42.9,21.4,66.03,2.145,94.5,19.033333333333296,38.8266666666667,20.6,44.2,17.2,40.5,2.2,760.0,96.0,4.0,23.0,1.6,17.53127850824967,17.53127850824967,0,230
2016-01-15 22:10:00,360,10,23.2,38.933333333333294,22.463333333333296,38.76,21.26,41.79,20.76,42.723333333333294,21.996666666666705,80.6266666666667,2.4,94.59,19.1,38.9666666666667,20.7,44.29,17.2,40.5,2.28333333333333,760.1,95.8333333333333,3.8333333333333295,25.8333333333333,1.66666666666667,19.69745284877717,19.69745284877717,0,360
2016-01-15 22:20:00,410,10,23.26,39.0,22.5,38.43,21.26,41.79,20.76,42.7966666666667,21.5966666666667,77.09999999999998,2.4,94.59,19.1,39.2266666666667,20.76,44.363333333333294,17.29,41.4,2.36666666666667,760.2,95.6666666666667,3.6666666666666705,28.666666666666696,1.73333333333333,47.54755045287311,47.54755045287311,0,410
2016-01-15 22:30:00,150,0,23.26,39.19333333333329,22.4266666666667,38.1566666666667,21.2,41.79,21.145,43.19,21.26,75.69,2.4,94.5,19.1,39.6333333333333,20.79,44.73,17.3566666666667,43.1333333333333,2.45,760.2999999999998,95.5,3.5,31.5,1.8,5.33241598168388,5.33241598168388,0,150
2016-01-15 22:40:00,80,10,23.2,39.23,22.39,38.2,21.2,41.863333333333294,21.7,43.1,21.1333333333333,75.43,2.4,94.5,19.0,39.8,20.79,44.863333333333294,17.5333333333333,44.3666666666667,2.53333333333333,760.4,95.3333333333333,3.3333333333333295,34.3333333333333,1.86666666666667,46.7380058253184,46.7380058253184,0,80
2016-01-15 22:50:00,80,10,23.2,39.363333333333294,22.39,38.26,21.1333333333333,41.863333333333294,21.7,42.9,20.8566666666667,74.0666666666667,2.4,94.5,19.0,40.06,20.79,45.09666666666671,17.6,44.96,2.61666666666667,760.5,95.1666666666667,3.16666666666667,37.16666666666669,1.93333333333333,17.308104992844164,17.308104992844164,0,80
2016-01-15 23:00:00,70,10,23.2,39.5,22.39,38.3266666666667,21.1,41.9,21.566666666666695,42.933333333333294,20.73,72.73333333333329,2.32666666666667,94.56,19.0,40.23,20.79,45.49,17.6,45.5,2.7,760.6,95.0,3.0,40.0,2.0,26.65303029352799,26.65303029352799,0,70
2016-01-15 23:10:00,70,10,23.2,39.56,22.39,38.4,21.1,41.9666666666667,21.5,43.1333333333333,20.6666666666667,70.59,2.29,94.5,18.9266666666667,40.29,20.745,46.145,17.6666666666667,45.9,2.65,760.6833333333329,95.3333333333333,3.0,38.0,1.98333333333333,26.93971496773884,26.93971496773884,0,70
2016-01-15 23:20:00,70,0,23.1,39.6266666666667,22.323333333333295,38.5,21.1,41.933333333333294,21.39,43.3266666666667,20.6,68.59,2.29,94.5,18.89,40.29,20.7,46.6566666666667,17.73,46.23,2.6,760.766666666667,95.6666666666667,3.0,36.0,1.9666666666666697,35.73589748702943,35.73589748702943,0,70
2016-01-15 23:30:00,60,10,23.1,39.7,22.323333333333295,38.56,21.1,42.0,21.39,43.4666666666667,20.463333333333296,65.8666666666667,2.29,94.53,18.89,40.29,20.7,46.93,17.79,46.43,2.55,760.85,96.0,3.0,34.0,1.95,20.289525005500764,20.289525005500764,0,60
2016-01-15 23:40:00,60,10,23.1,39.76,22.26,38.6633333333333,21.066666666666695,41.9,21.29,43.6266666666667,20.39,63.8666666666667,2.23,94.59,18.79,40.245,20.6,47.0666666666667,17.79,46.6266666666667,2.5,760.9333333333329,96.3333333333333,3.0,32.0,1.93333333333333,7.639407063834369,7.639407063834369,0,60
2016-01-15 23:50:00,50,10,23.0,39.8,22.2,38.6633333333333,21.066666666666695,41.9666666666667,21.23,43.76,20.3566666666667,61.9266666666667,2.0,94.4,18.79,40.29,20.6,47.26,17.865,46.875,2.45,761.016666666667,96.6666666666667,3.0,30.0,1.91666666666667,17.011638067197055,17.011638067197055,0,50
2016-01-16 00:00:00,50,0,23.0,40.0,22.15,38.79,21.0,41.9,21.2,43.79,20.29,60.5933333333333,2.0,94.46666666666668,18.79,40.363333333333294,20.6,47.433333333333294,17.89,47.06,2.4,761.1,97.0,3.0,28.0,1.9,31.33274237625301,31.33274237625301,0,50
2016-01-16 00:10:00,50,0,22.89,40.1266666666667,22.1,38.933333333333294,21.0,41.9,21.1333333333333,43.79,20.2,59.4966666666667,2.0,94.4,18.79,40.4,20.6,47.56,17.89,47.06,2.375,761.158333333333,96.8333333333333,3.16666666666667,29.0,1.85833333333333,2.868633915204555,2.868633915204555,0,50
2016-01-16 00:20:00,30,0,22.89,40.2,22.033333333333296,39.0,21.0,41.9,21.0,43.7,20.2,58.83,2.06,94.46666666666668,18.79,40.4666666666667,20.6,47.8266666666667,17.89,47.0,2.35,761.216666666667,96.6666666666667,3.3333333333333295,30.0,1.81666666666667,42.5833819899708,42.5833819899708,0,30
2016-01-16 00:30:00,20,0,22.79,40.09,22.0,39.1266666666667,21.0,41.9,20.9266666666667,43.7,20.066666666666695,58.033333333333296,2.09,94.5,18.7,40.53,20.6,47.9666666666667,17.89,47.0,2.325,761.275,96.5,3.5,31.0,1.775,10.632267291657627,10.632267291657627,0,20
2016-01-16 00:40:00,40,0,22.79,40.1633333333333,22.0,39.26,21.0,41.9,20.76,43.7,20.0,57.4266666666667,2.09,94.5225,18.7,40.6633333333333,20.5,48.1266666666667,17.89,47.0,2.3,761.3333333333329,96.3333333333333,3.6666666666666705,32.0,1.73333333333333,26.97310139192268,26.97310139192268,0,40
2016-01-16 00:50:00,50,0,22.76,40.23,21.89,39.29,20.89,41.933333333333294,20.7,43.7,20.0,56.7666666666667,2.09,94.59,18.7,40.7666666666667,20.5,48.2,17.89,47.0,2.275,761.391666666667,96.1666666666667,3.8333333333333295,33.0,1.69166666666667,6.8243793095462015,6.8243793095462015,0,50
2016-01-16 01:00:00,50,0,22.7,40.29,21.89,39.363333333333294,20.89,42.0,20.6666666666667,43.6633333333333,20.0,56.3,2.12666666666667,94.59,18.7,40.9666666666667,20.39,48.06,17.89,47.0,2.25,761.45,96.0,4.0,34.0,1.65,16.24325702432543,16.24325702432543,0,50
2016-01-16 01:10:00,50,0,22.6666666666667,40.29,21.8566666666667,39.4,20.89,42.09,20.6,43.53,19.89,55.645,2.12666666666667,94.53,18.7,41.09,20.39,48.06,17.89,47.0,2.225,761.5083333333331,95.8333333333333,4.16666666666667,35.0,1.60833333333333,31.05381468776613,31.05381468776613,0,50
2016-01-16 01:20:00,60,0,22.6,40.29,21.79,39.4666666666667,20.89,42.03,20.5,43.5,19.79,54.99,2.09,94.56,18.7,41.223333333333294,20.29,48.2666666666667,17.89,47.06,2.2,761.5666666666668,95.6666666666667,4.3333333333333295,36.0,1.56666666666667,12.79911242891103,12.79911242891103,0,60
2016-01-16 01:30:00,50,0,22.6,40.29,21.7,39.53,20.89,42.09,20.4266666666667,43.433333333333294,19.79,54.6566666666667,2.09,94.5,18.7,41.3266666666667,20.29,48.5266666666667,17.89,47.0,2.175,761.625,95.5,4.5,37.0,1.525,31.743789941538125,31.743789941538125,0,50
2016-01-16 01:40:00,60,0,22.6,40.29,21.7,39.59,20.89,42.03,20.3566666666667,43.5,19.76,54.2966666666667,2.2,94.5,18.7,41.4,20.29,48.59,17.89,47.0,2.15,761.6833333333329,95.3333333333333,4.66666666666667,38.0,1.48333333333333,24.28360534831881,24.28360534831881,0,60
2016-01-16 01:50:00,50,0,22.5,40.29,21.6666666666667,39.56,20.8566666666667,42.06,20.29,43.5,19.7,53.963333333333296,2.2,94.5,18.7,41.433333333333294,20.23,48.6633333333333,17.89,47.03,2.125,761.741666666667,95.1666666666667,4.8333333333333295,39.0,1.44166666666667,46.90884583396837,46.90884583396837,0,50
2016-01-16 02:00:00,40,0,22.5,40.29,21.6,39.56,20.79,41.933333333333294,20.23,43.433333333333294,19.6666666666667,53.6,2.09,94.5,18.7,41.6333333333333,20.2,48.89,17.89,47.09,2.1,761.7999999999998,95.0,5.0,40.0,1.4,42.87507685367017,42.87507685367017,0,40
2016-01-16 02:10:00,50,0,22.39,40.2,21.5,39.59,20.79,41.8266666666667,20.2,43.4,19.6,53.3266666666667,2.09,94.5,18.7,41.8266666666667,20.2,49.2966666666667,17.89,47.09,2.0,761.866666666667,95.0,4.5,40.0,1.3,18.544176884461194,18.544176884461194,0,50
2016-01-16 02:20:00,50,0,22.39,40.2,21.5,39.59,20.79,41.8266666666667,20.2,43.4,19.6,53.06,1.9666666666666697,94.4,18.7,41.8266666666667,20.2,49.645,17.89,47.09,1.9,761.9333333333329,95.0,4.0,40.0,1.2,15.71009149774909,15.71009149774909,0,50
2016-01-16 02:30:00,50,0,22.3566666666667,40.2,21.463333333333296,39.56,20.7,41.79,20.1,43.4,19.6,52.933333333333294,1.8266666666666695,94.3333333333333,18.7,41.7,20.2,49.7,17.89,47.09,1.8,762.0,95.0,3.5,40.0,1.1,41.426717990543686,41.426717990543686,0,50
2016-01-16 02:40:00,50,0,22.29,40.2,21.39,39.5,20.7,41.863333333333294,20.1,43.4,19.566666666666695,52.6633333333333,1.66666666666667,94.4,18.7,41.76,20.2,49.7,17.89,47.09,1.7,762.0666666666668,95.0,3.0,40.0,1.0,22.592075658030808,22.592075658030808,0,50
2016-01-16 02:50:00,40,0,22.29,40.2,21.3566666666667,39.56,20.7,41.9,20.0,43.29,19.5,52.53,1.46,94.4,18.7,41.645,20.2,49.7,17.89,47.2,1.6,762.1333333333331,95.0,2.5,40.0,0.9,15.793920611031352,15.793920611031352,0,40
2016-01-16 03:00:00,30,0,22.2,40.09,21.29,39.56,20.7,41.9,20.0,43.29,19.5,52.363333333333294,1.13333333333333,94.46666666666668,18.7,41.6266666666667,20.1333333333333,49.7,17.89,47.2,1.5,762.2,95.0,2.0,40.0,0.8,4.890426876954734,4.890426876954734,0,30
2016-01-16 03:10:00,30,0,22.2,40.09,21.29,39.59,20.6666666666667,41.76,19.963333333333296,43.29,19.4266666666667,52.1566666666667,0.933333333333333,94.4,18.7,41.7,20.1,49.7,17.89,47.2,1.35,762.216666666667,95.3333333333333,2.0,37.16666666666669,0.7,3.245026827789843,3.245026827789843,0,30
2016-01-16 03:20:00,40,0,22.1666666666667,40.09,21.2675,39.5675,20.6,41.7,19.89,43.29,19.39,51.9666666666667,0.75,94.45,18.7,41.7,20.1,49.7,17.89,47.29,1.2,762.233333333333,95.6666666666667,2.0,34.3333333333333,0.6,34.472868323791765,34.472868323791765,0,40
2016-01-16 03:30:00,50,0,22.1,40.09,21.2,39.56,20.566666666666695,41.7,19.8566666666667,43.26,19.39,51.8266666666667,0.5333333333333329,94.53,18.7,41.7,20.1,49.6633333333333,17.89,47.29,1.05,762.25,96.0,2.0,31.5,0.5,33.40253019705415,33.40253019705415,0,50
2016-01-16 03:40:00,50,0,22.066666666666695,40.06,21.1,39.59,20.5,41.7,19.79,43.2,19.3566666666667,51.76,0.2666666666666669,94.6566666666667,18.7,41.7,20.1,49.53,17.89,47.29,0.9,762.266666666667,96.3333333333333,2.0,28.666666666666696,0.4,45.2273323899135,45.2273323899135,0,50
2016-01-16 03:50:00,50,0,22.0,40.0,21.1,39.59,20.5,41.79,19.79,43.2,19.29,51.6266666666667,0.1333333333333329,94.7266666666667,18.7,41.7,20.066666666666695,49.43,17.89,47.23,0.75,762.283333333333,96.6666666666667,2.0,25.8333333333333,0.3,15.084663522429764,15.084663522429764,0,50
2016-01-16 04:00:00,50,0,21.963333333333296,40.0,21.066666666666695,39.56,20.5,41.79,19.79,43.2,19.29,51.56,-0.2666666666666669,94.7266666666667,18.7,41.6266666666667,20.066666666666695,49.29,17.89,47.26,0.6,762.2999999999998,97.0,2.0,23.0,0.2,46.6404352337122,46.6404352337122,0,50
2016-01-16 04:10:00,60,0,21.89,40.0,21.0,39.5,20.5,41.79,19.7,43.2,19.29,51.433333333333294,-0.5333333333333329,94.8,18.7,41.76,20.0,49.1633333333333,17.9633333333333,47.2,0.6,762.35,96.8333333333333,2.16666666666667,22.5,0.166666666666667,10.099150869064031,10.099150869064031,0,60
2016-01-16 04:20:00,50,0,21.89,40.0,21.0,39.5,20.5,41.76,19.7,43.2,19.2,51.29,-0.6666666666666669,94.8666666666667,18.7,41.73,20.0,49.03,17.89,47.23,0.6,762.4,96.6666666666667,2.3333333333333295,22.0,0.133333333333333,39.618937799241394,39.618937799241394,0,50
2016-01-16 04:30:00,50,0,21.89,40.0,20.9266666666667,39.5,20.5,41.7,19.7,43.1633333333333,19.2,51.2225,-0.766666666666667,94.8,18.7,41.73,19.963333333333296,49.0,17.89,47.29,0.6,762.45,96.5,2.5,21.5,0.1,11.23152544023469,11.23152544023469,0,50
2016-01-16 04:40:00,40,0,21.79,39.9,20.89,39.53,20.5,41.7,19.7,43.09,19.2,51.2,-0.5,94.8666666666667,18.7,41.79,19.89,49.0,17.89,47.29,0.6,762.5,96.3333333333333,2.66666666666667,21.0,0.0666666666666667,1.5378285548649728,1.5378285548649728,0,40
2016-01-16 04:50:00,50,0,21.79,39.9,20.89,39.59,20.5,41.7,19.6,43.0,19.1333333333333,51.09,-0.3666666666666669,95.0,18.7,41.79,19.89,49.0,17.89,47.29,0.6,762.5499999999998,96.1666666666667,2.8333333333333295,20.5,0.0333333333333333,43.10170206008479,43.10170206008479,0,50
2016-01-16 05:00:00,50,0,21.76,39.9,20.79,39.5,20.5,41.8266666666667,19.575,43.0,19.2,51.03,-0.5,95.0,18.7,41.79,19.89,49.0,17.89,47.29,0.6,762.6,96.0,3.0,20.0,0.0,34.255375259090215,34.255375259090215,0,50
2016-01-16 05:10:00,50,0,21.7,39.9,20.79,39.5,20.5,41.9,19.566666666666695,43.0,19.1,51.0,-0.6333333333333329,94.9,18.7,41.73,19.89,49.0,17.89,47.29,0.5833333333333329,762.5499999999998,96.0,3.0,20.0,-0.0166666666666667,47.10374547867104,47.10374547867104,0,50
2016-01-16 05:20:00,50,0,21.7,39.9,20.79,39.5,20.5,41.8266666666667,19.566666666666695,43.0,19.1,50.933333333333294,-0.6999999999999998,94.9,18.6,41.7,19.89,49.06,17.9266666666667,47.23,0.566666666666667,762.5,96.0,3.0,20.0,-0.0333333333333333,33.792688022367656,33.792688022367656,0,50
2016-01-16 05:30:00,30,0,21.6333333333333,39.8266666666667,20.73,39.5,20.5,41.9666666666667,19.5,43.0,19.1,50.9,-0.5333333333333329,94.9,18.6666666666667,41.76,19.89,49.2,17.9266666666667,47.29,0.55,762.45,96.0,3.0,20.0,-0.05,42.15600742027164,42.15600742027164,0,30
2016-01-16 05:40:00,30,0,21.6,39.9,20.7,39.5,20.566666666666695,42.0,19.5,42.9,19.1,50.8266666666667,-0.3333333333333329,94.96666666666668,18.6666666666667,41.79,19.865,49.095,17.89,47.29,0.533333333333333,762.4,96.0,3.0,20.0,-0.0666666666666667,18.094709247816358,18.094709247816358,0,30
2016-01-16 05:50:00,30,0,21.6,39.9,20.7,39.56,20.566666666666695,42.0,19.5,42.9,19.066666666666695,50.83333333333329,-0.2,94.9,18.6666666666667,41.79,19.8566666666667,49.0,17.89,47.29,0.5166666666666672,762.35,96.0,3.0,20.0,-0.0833333333333333,19.618294259998947,19.618294259998947,0,30
2016-01-16 06:00:00,50,0,21.5,39.9,20.6666666666667,39.5,20.566666666666695,42.0,19.39,42.863333333333294,19.0,50.7,-0.125,94.975,18.6,41.7,19.79,49.03,17.89,47.29,0.5,762.2999999999998,96.0,3.0,20.0,-0.1,28.384369879495353,28.384369879495353,0,50
2016-01-16 06:10:00,50,0,21.5,39.925,20.6,39.56,20.5,42.0,19.39,42.79,19.0,50.7,0.0333333333333332,95.0,18.6,41.79,19.79,49.09,17.89,47.29,0.5833333333333329,762.3166666666668,96.0,3.0,27.166666666666696,-0.0166666666666667,4.757606680504978,4.757606680504978,0,50
2016-01-16 06:20:00,40,0,21.4266666666667,39.933333333333294,20.6,39.59,20.5,42.2,19.39,42.79,19.0,50.7,0.233333333333333,94.9,18.6,41.79,19.79,49.09,17.89,47.29,0.666666666666667,762.3333333333329,96.0,3.0,34.3333333333333,0.0666666666666667,9.6892035799101,9.6892035799101,0,40
2016-01-16 06:30:00,60,0,21.39,39.9,20.575,39.6175,20.566666666666695,42.2,19.39,42.79,19.0,50.59,0.3666666666666669,94.9,18.6,41.79,19.79,49.09,17.89,47.29,0.75,762.35,96.0,3.0,41.5,0.15,29.40331965219229,29.40331965219229,0,60
2016-01-16 06:40:00,60,0,21.39,39.9,20.5,39.7,20.533333333333296,42.2,19.29,42.79,19.0,50.59,0.5,95.03,18.6,41.79,19.79,49.09,17.89,47.29,0.8333333333333329,762.366666666667,96.0,3.0,48.66666666666669,0.233333333333333,37.57520840736105,37.57520840736105,0,60
2016-01-16 06:50:00,50,0,21.3566666666667,39.933333333333294,20.5,39.7,20.6,42.2,19.29,42.79,18.89,50.59,0.5666666666666669,95.03,18.6,41.8266666666667,19.79,49.09,17.89,47.29,0.9166666666666669,762.3833333333331,96.0,3.0,55.83333333333329,0.316666666666667,43.36193936178461,43.36193936178461,0,50
2016-01-16 07:00:00,50,0,21.29,40.0,20.5,39.76,20.6,42.2,19.29,42.79,18.89,50.59,0.6333333333333329,95.03,18.6,41.9666666666667,19.76,49.1266666666667,17.89,47.29,1.0,762.4,96.0,3.0,63.0,0.4,18.589786859229207,18.589786859229207,0,50
2016-01-16 07:10:00,50,0,21.29,40.03,20.463333333333296,39.76,20.7,42.29,19.29,42.79,18.89,50.59,0.766666666666667,95.1566666666667,18.6,42.2,19.7,49.26,17.89,47.3266666666667,1.03333333333333,762.4166666666669,96.0,3.0,63.0,0.43333333333333296,39.94072747882456,39.94072747882456,0,50
2016-01-16 07:20:00,220,0,21.23,40.03,20.39,39.7,20.6333333333333,42.23,19.26,42.76,18.89,50.59,0.833333333333333,95.19,18.6,42.2,19.76,49.433333333333294,17.89,47.4,1.06666666666667,762.4333333333329,96.0,3.0,63.0,0.46666666666666706,2.9157196287997063,2.9157196287997063,0,220
2016-01-16 07:30:00,390,10,21.2,39.863333333333294,20.3566666666667,39.56,20.6666666666667,42.26,19.2,42.76,18.89,50.56,0.9,95.19,18.6,42.2,19.76,49.56,17.89,47.4,1.1,762.45,96.0,3.0,63.0,0.5,31.171785469632596,31.171785469632596,0,390
2016-01-16 07:40:00,380,10,21.2,39.79,20.29,39.5,20.6,42.2,19.5966666666667,43.03,18.84,49.77,0.833333333333333,95.19,18.6,42.2,19.79,49.5,17.89,47.3266666666667,1.13333333333333,762.466666666667,96.0,3.0,63.0,0.533333333333333,17.832070332951844,17.832070332951844,0,380
2016-01-16 07:50:00,390,10,21.2,39.963333333333296,20.315,39.55,20.6333333333333,42.23,20.0633333333333,43.03,18.963333333333296,48.4666666666667,0.966666666666667,95.12333333333329,18.6,42.1633333333333,19.73,49.5,17.89,47.29,1.16666666666667,762.483333333333,96.0,3.0,63.0,0.566666666666667,29.39639661926776,29.39639661926776,0,390
2016-01-16 08:00:00,390,10,21.2,40.223333333333294,20.39,39.76,20.7,42.23,20.545,42.95,19.1333333333333,47.5633333333333,1.13333333333333,95.19,18.6,42.09,19.7,49.4666666666667,17.89,47.23,1.2,762.5,96.0,3.0,63.0,0.6,45.68923210026696,45.68923210026696,0,390
2016-01-16 08:10:00,240,10,21.29,40.53,20.4266666666667,40.0666666666667,20.7,42.1633333333333,20.9933333333333,42.863333333333294,19.2,47.09666666666671,1.2,95.19,18.6,42.0,19.76,49.4,17.89,47.1633333333333,1.21666666666667,762.5499999999998,96.1666666666667,3.0,63.0,0.633333333333333,9.972109145019203,9.972109145019203,0,240
2016-01-16 08:20:00,40,10,21.3566666666667,40.6633333333333,20.566666666666695,40.26,20.7,42.09,21.26,42.6566666666667,19.323333333333295,46.69333333333329,1.1,95.19,18.6,42.0,19.7,49.433333333333294,17.89,47.09,1.23333333333333,762.6,96.3333333333333,3.0,63.0,0.666666666666667,18.454181193374097,18.454181193374097,0,40
2016-01-16 08:30:00,70,10,21.5,40.7,20.6333333333333,40.3266666666667,20.79,42.0,21.3566666666667,42.5,19.463333333333296,46.5,1.16666666666667,95.19,18.6,42.2666666666667,19.76,49.5,17.89,47.0,1.25,762.65,96.5,3.0,63.0,0.7,33.570416388101876,33.570416388101876,0,70
2016-01-16 08:40:00,50,0,21.5,41.033333333333296,20.7,40.4666666666667,20.73,42.0,21.23,42.5,19.533333333333296,46.363333333333294,1.15,95.245,18.6,42.4666666666667,19.7,49.5,17.8233333333333,46.86,1.26666666666667,762.7,96.6666666666667,3.0,63.0,0.733333333333333,38.407227536663406,38.407227536663406,0,50
2016-01-16 08:50:00,50,0,21.5,41.8,20.79,40.59,20.6666666666667,42.06,21.1666666666667,42.6266666666667,19.6,46.23,1.03333333333333,95.19,18.6,42.5,19.7,49.56,17.89,46.863333333333294,1.28333333333333,762.75,96.8333333333333,3.0,63.0,0.766666666666667,26.112413802184165,26.112413802184165,0,50
2016-01-16 09:00:00,70,0,21.566666666666695,42.5266666666667,20.8566666666667,40.723333333333294,20.6666666666667,42.2666666666667,21.033333333333296,42.6266666666667,19.7,46.26,1.22666666666667,95.26333333333329,18.6,42.56,19.7,49.5,17.89,46.73,1.3,762.7999999999998,97.0,3.0,63.0,0.8,41.40375090064481,41.40375090064481,0,70
2016-01-16 09:10:00,60,0,21.6333333333333,42.1,20.9266666666667,40.79,20.7,42.4,20.89,42.6633333333333,19.76,46.26,1.39,95.3,18.6,42.59,19.7,49.53,17.89,46.5266666666667,1.41666666666667,762.8833333333331,96.6666666666667,3.0,55.83333333333329,0.866666666666667,26.35480973403901,26.35480973403901,0,60
2016-01-16 09:20:00,70,0,21.7,41.6333333333333,21.0,40.53,20.7,42.2666666666667,20.823333333333295,42.59,19.823333333333295,45.9233333333333,1.46333333333333,95.3666666666667,18.6,42.59,19.6333333333333,49.463333333333296,17.89,46.3725,1.53333333333333,762.966666666667,96.3333333333333,3.0,48.66666666666669,0.933333333333333,25.087741250172257,25.087741250172257,0,70
2016-01-16 09:30:00,60,0,21.745,40.995,21.033333333333296,40.4,20.7,42.09,20.7,42.59,19.89,45.39,1.63333333333333,95.43333333333328,18.6,42.53,19.6333333333333,49.433333333333294,17.89,46.23,1.65,763.0499999999998,96.0,3.0,41.5,1.0,20.99866599310189,20.99866599310189,0,60
2016-01-16 09:40:00,50,0,21.79,40.79,21.1,40.4,20.7,42.09,20.7,42.59,20.0,45.0266666666667,1.76,95.5,18.6,42.5,19.7,49.5,17.79,45.9666666666667,1.76666666666667,763.1333333333331,95.6666666666667,3.0,34.3333333333333,1.06666666666667,18.114914163015783,18.114914163015783,0,50
2016-01-16 09:50:00,60,0,21.8566666666667,40.863333333333294,21.15,40.4,20.79,42.09,20.6,42.59,20.066666666666695,44.9,1.66666666666667,95.46666666666668,18.6,42.433333333333294,19.6,49.5,17.79,45.8266666666667,1.88333333333333,763.216666666667,95.3333333333333,3.0,27.166666666666696,1.13333333333333,6.171445513609797,6.171445513609797,0,60
2016-01-16 10:00:00,60,0,21.89,40.79,21.2,40.4,20.79,42.09,20.533333333333296,42.59,20.1,44.79,1.53333333333333,95.46666666666668,18.6,42.69333333333329,19.6,49.5,17.79,45.76,2.0,763.2999999999998,95.0,3.0,20.0,1.2,14.908076473511755,14.908076473511755,0,60
2016-01-16 10:10:00,80,0,21.89,40.79,21.26,40.4666666666667,20.79,42.145,20.5,42.59,20.1,44.73,1.42666666666667,95.43333333333328,18.6,43.0266666666667,19.6,49.5,17.79,45.7,2.25,763.3166666666668,94.6666666666667,3.0,20.0,1.4,13.833824486937372,13.833824486937372,0,80
2016-01-16 10:20:00,100,0,21.89,40.8266666666667,21.29,40.4666666666667,20.79,42.2,20.5,42.53,20.1333333333333,44.7,1.5,95.5,18.7,43.23,19.6,49.5,17.79,45.56,2.5,763.3333333333329,94.3333333333333,3.0,20.0,1.6,38.51126778172329,38.51126778172329,0,100
2016-01-16 10:30:00,60,0,21.963333333333296,41.1,21.3566666666667,40.4,20.79,42.2,20.5,42.4666666666667,20.2,44.7,1.8,95.59,18.7,43.23,19.6,49.6266666666667,17.8566666666667,45.5,2.75,763.35,94.0,3.0,20.0,1.8,38.909065106417984,38.909065106417984,0,60
2016-01-16 10:40:00,70,0,22.0,41.33333333333329,21.39,40.3266666666667,20.79,42.2666666666667,20.5,42.3266666666667,20.2,44.7,2.0,95.6566666666667,18.7,42.9666666666667,19.6,49.76,17.8233333333333,45.29,3.0,763.366666666667,93.6666666666667,3.0,20.0,2.0,7.189364032819867,7.189364032819867,0,70
2016-01-16 10:50:00,60,0,22.0,41.1266666666667,21.39,40.4666666666667,20.8566666666667,42.4666666666667,20.5,42.3266666666667,20.2,44.7,2.03,95.7266666666667,18.7,42.9666666666667,19.6333333333333,49.8266666666667,17.89,45.29,3.25,763.3833333333331,93.3333333333333,3.0,20.0,2.2,25.776307529304177,25.776307529304177,0,60
2016-01-16 11:00:00,60,0,22.033333333333296,41.03,21.5,40.56,20.9266666666667,42.5,20.5,42.3266666666667,20.2,44.59,2.22333333333333,95.8666666666667,18.823333333333295,43.03,19.7,49.9666666666667,17.89,45.26,3.5,763.4,93.0,3.0,20.0,2.4,29.862024274189025,29.862024274189025,0,60
2016-01-16 11:10:00,50,0,22.1,41.03,21.5,40.5,21.0,42.5,20.566666666666695,42.26,20.29,44.6633333333333,2.26,95.8666666666667,18.89,43.09,19.7,49.933333333333294,17.89,45.2,3.7,763.483333333333,92.0,3.0,20.5,2.45,25.292151200119402,25.292151200119402,0,50
2016-01-16 11:20:00,50,0,22.1,41.0,21.5,40.5,21.033333333333296,42.53,20.5,42.245,20.23,44.53,2.2675,95.875,19.0,43.1633333333333,19.7,50.0,17.89,45.09,3.9,763.5666666666668,91.0,3.0,21.0,2.5,19.30498165311292,19.30498165311292,0,50
2016-01-16 11:30:00,40,0,22.1666666666667,41.06,21.5,40.433333333333294,21.033333333333296,42.53,20.5,42.2,20.29,44.56,2.43,95.96666666666668,19.066666666666695,43.09,19.73,50.1266666666667,17.89,45.09,4.1,763.65,90.0,3.0,21.5,2.55,21.30490504205227,21.30490504205227,0,40
2016-01-16 11:40:00,50,0,22.2,41.09,21.6,40.4,21.0,42.5,20.5,42.1633333333333,20.29,44.5,2.6566666666666694,96.03,19.2,43.2666666666667,19.79,50.2,17.89,45.09,4.3,763.733333333333,89.0,3.0,22.0,2.6,0.5879867356270551,0.5879867356270551,0,50
2016-01-16 11:50:00,70,0,22.2,41.1633333333333,21.533333333333296,40.4666666666667,21.0,42.56,20.5,42.09,20.29,44.5,2.86333333333333,96.1566666666667,19.2,43.4,19.79,50.23,17.89,45.09,4.5,763.8166666666668,88.0,3.0,22.5,2.65,45.96658851951361,45.96658851951361,0,70
2016-01-16 12:00:00,60,0,22.1666666666667,41.23,21.6,40.5,21.0,42.59,20.5,42.1633333333333,20.29,44.5,3.12666666666667,96.19,19.29,43.4,19.8566666666667,50.363333333333294,17.89,45.1266666666667,4.7,763.9,87.0,3.0,23.0,2.7,3.9719846565276384,3.9719846565276384,0,60
2016-01-16 12:10:00,60,0,22.1666666666667,41.29,21.6,40.5,21.066666666666695,42.6633333333333,20.5,42.09,20.26,44.4666666666667,3.26,96.26333333333329,19.3566666666667,43.4,19.89,50.8,17.9633333333333,45.1266666666667,4.9,763.866666666667,83.5,3.3333333333333295,23.666666666666696,2.25,25.368712737690657,25.368712737690657,0,60
2016-01-16 12:20:00,80,0,22.1,41.29,21.566666666666695,40.5,21.1,42.7,20.463333333333296,41.9666666666667,20.2,44.4,3.43333333333333,96.2266666666667,19.445,43.4,19.9266666666667,51.09666666666671,17.9266666666667,45.0,5.1,763.8333333333329,80.0,3.6666666666666705,24.3333333333333,1.8,41.00858084857464,41.00858084857464,0,80
2016-01-16 12:30:00,80,0,22.1,41.29,21.5,40.5,21.1,42.6266666666667,20.463333333333296,41.9,20.26,44.56,3.56,96.2266666666667,19.6,43.363333333333294,20.066666666666695,51.23,18.0,44.8975,5.3,763.7999999999998,76.5,4.0,25.0,1.35,29.919770907144997,29.919770907144997,0,80
2016-01-16 12:40:00,80,0,22.1,41.29,21.5,40.53,21.1,42.59,20.39,41.863333333333294,20.2,44.56,3.82666666666667,96.19,19.6666666666667,43.49,20.1333333333333,50.9966666666667,18.0,44.79,5.5,763.766666666667,73.0,4.3333333333333295,25.666666666666696,0.9,21.20767630403861,21.20767630403861,0,80
2016-01-16 12:50:00,90,0,22.075,40.045,21.3,38.9233333333333,21.033333333333296,41.723333333333294,20.1966666666667,40.53,21.3333333333333,79.7933333333333,4.02666666666667,96.26333333333329,19.89,42.9966666666667,20.2,50.1966666666667,18.0,44.6633333333333,5.7,763.733333333333,69.5,4.66666666666667,26.3333333333333,0.45,27.965513535309583,27.965513535309583,0,90
2016-01-16 13:00:00,90,0,22.0,39.223333333333294,21.1,37.95,20.89,40.99,20.1,40.223333333333294,21.6666666666667,79.7933333333333,4.49666666666667,96.2266666666667,19.89,42.1966666666667,20.23,49.33333333333329,18.0,44.463333333333296,5.9,763.7,66.0,5.0,27.0,0.0,39.4547236035578,39.4547236035578,0,90
2016-01-16 13:10:00,100,0,22.0,39.6266666666667,21.1,38.1566666666667,20.963333333333296,40.79,20.1666666666667,39.963333333333296,21.03,80.2266666666667,4.6233333333333295,96.2266666666667,19.963333333333296,41.2666666666667,20.29,48.86,18.033333333333296,44.2,5.883333333333329,763.7,68.3333333333333,4.8333333333333295,29.166666666666696,0.416666666666667,8.385762898251414,8.385762898251414,0,100
2016-01-16 13:20:00,80,0,22.0,39.5666666666667,21.1,38.363333333333294,21.0,40.8266666666667,20.1666666666667,40.09,20.823333333333295,80.8333333333333,4.39666666666667,96.1266666666667,19.89,40.8,20.39,48.6633333333333,18.033333333333296,44.0,5.86666666666667,763.7,70.6666666666667,4.66666666666667,31.3333333333333,0.8333333333333329,48.52258650353178,48.52258650353178,0,80
2016-01-16 13:30:00,90,0,21.963333333333296,39.56,21.1,38.5,21.0,40.9,20.1666666666667,40.363333333333294,20.53,80.4,3.9966666666666706,96.0,19.89,40.33333333333329,20.39,48.53,18.0,43.6633333333333,5.85,763.7,73.0,4.5,33.5,1.25,23.67515491787344,23.67515491787344,0,90
2016-01-16 13:40:00,80,0,21.89,39.433333333333294,21.1,38.5,21.0,40.9666666666667,20.2,41.03,20.323333333333295,78.5266666666667,3.73,95.8666666666667,19.89,40.2,20.4266666666667,48.4,18.0,43.7966666666667,5.8333333333333295,763.7,75.3333333333333,4.3333333333333295,35.66666666666669,1.66666666666667,46.48716029478237,46.48716029478237,0,80
2016-01-16 13:50:00,80,0,21.89,39.53,21.1,38.59,21.0,40.963333333333296,20.26,41.6233333333333,20.26,74.7933333333333,3.8633333333333297,95.8666666666667,19.89,39.99,20.5,48.2666666666667,18.033333333333296,44.0666666666667,5.81666666666667,763.7,77.6666666666667,4.16666666666667,37.83333333333329,2.0833333333333295,45.04696351941674,45.04696351941674,0,80
2016-01-16 14:00:00,80,0,21.89,39.59,21.1,38.6633333333333,20.9266666666667,41.1633333333333,20.29,41.9,20.2,71.3933333333333,4.16,96.03,19.963333333333296,39.93,20.5,47.9233333333333,18.1,44.2,5.8,763.7,80.0,4.0,40.0,2.5,37.5441093929112,37.5441093929112,0,80
2016-01-16 14:10:00,80,0,21.89,39.5,21.1,38.73,20.89,41.23,20.3566666666667,41.9,20.1,67.795,4.4,96.115,20.1333333333333,40.3266666666667,20.5,47.39,18.1333333333333,44.09,5.7,763.7,77.8333333333333,4.5,40.0,1.98333333333333,33.828438620548695,33.828438620548695,0,80
2016-01-16 14:20:00,90,0,21.89,39.5,21.1,38.79,20.89,41.29,20.39,41.9666666666667,19.963333333333296,65.6666666666667,4.62666666666667,96.19,20.26,40.4,20.6,46.863333333333294,18.2,44.03,5.6,763.7,75.6666666666667,5.0,40.0,1.46666666666667,32.40067228907719,32.40067228907719,0,90
2016-01-16 14:30:00,670,0,21.89,39.4666666666667,21.0,38.79,21.0,41.29,20.39,41.9,19.89,64.3333333333333,4.99666666666667,96.2266666666667,20.533333333333296,40.0266666666667,20.6,46.463333333333296,18.2,43.9,5.5,763.7,73.5,5.5,40.0,0.95,3.6623434862121935,3.6623434862121935,1,70
2016-01-16 14:40:00,650,0,21.89,39.4,21.0,38.79,21.0,41.29,20.39,41.9,19.79,62.19333333333329,5.19,96.3666666666667,20.6,39.69333333333329,20.6,45.93,18.2,43.9,5.4,763.7,71.3333333333333,6.0,40.0,0.433333333333334,21.17792092030868,21.17792092030868,1,50
2016-01-16 14:50:00,660,10,21.89,39.4,20.963333333333296,38.863333333333294,20.963333333333296,41.29,20.39,41.6633333333333,19.79,60.7333333333333,4.923333333333329,96.33,20.6,39.43,20.533333333333296,45.59666666666671,18.2,43.9,5.3,763.7,69.1666666666667,6.5,40.0,-0.08333333333333348,26.541218208149076,26.541218208149076,1,60
2016-01-16 15:00:00,670,10,21.89,39.4,20.963333333333296,38.79,20.89,41.363333333333294,20.39,41.59,19.7,59.5633333333333,4.39666666666667,96.12333333333329,20.6,39.23,20.5,45.1,18.2,43.9,5.2,763.7,67.0,7.0,40.0,-0.6,47.13523811660706,47.13523811660706,1,70
2016-01-16 15:10:00,680,10,21.89,39.26,20.89,38.6633333333333,20.8566666666667,41.363333333333294,20.29,41.33333333333329,19.6333333333333,58.823333333333295,4.06,96.09,20.6,38.93,20.5,44.7666666666667,18.1666666666667,43.76,5.01666666666667,763.8833333333331,67.6666666666667,6.5,44.16666666666669,-0.633333333333333,35.611227969639,35.611227969639,1,80
2016-01-16 15:20:00,670,10,21.823333333333295,39.1266666666667,20.89,38.53,20.79,41.363333333333294,20.29,41.2,19.6,57.96,4.0,96.09,20.6,38.6566666666667,20.39,44.223333333333294,18.1,43.6266666666667,4.8333333333333295,764.0666666666668,68.3333333333333,6.0,48.33333333333329,-0.666666666666667,36.2245287746191,36.2245287746191,1,70
2016-01-16 15:30:00,370,10,21.76,39.06,20.79,38.363333333333294,20.79,41.4,20.29,41.09,19.533333333333296,57.5,3.9666666666666694,96.12333333333329,20.6,38.33333333333329,20.34,43.8975,18.1,43.5266666666667,4.65,764.25,69.0,5.5,52.5,-0.7,23.506430885754526,23.506430885754526,0,370
2016-01-16 15:40:00,410,20,21.7,38.933333333333294,20.79,38.23,20.79,41.4,20.43,41.4233333333333,19.5,56.863333333333294,3.82666666666667,96.19,20.575,37.975,20.323333333333295,43.5666666666667,18.1,43.2225,4.46666666666667,764.4333333333329,69.6666666666667,5.0,56.66666666666669,-0.733333333333333,6.014112790580839,6.014112790580839,0,410
2016-01-16 15:50:00,250,10,21.7,38.93,20.76,38.2,20.79,41.29,20.9266666666667,41.7,19.5,56.39,3.82666666666667,96.19,20.5,37.5666666666667,20.29,43.363333333333294,18.1,43.03,4.28333333333333,764.616666666667,70.3333333333333,4.5,60.83333333333329,-0.766666666666667,39.15488354396075,39.15488354396075,0,250
2016-01-16 16:00:00,80,10,21.7,38.79,20.7,38.2,20.79,41.29,21.4666666666667,41.5,19.39,55.7966666666667,4.02666666666667,96.26333333333329,20.463333333333296,37.223333333333294,20.29,43.1566666666667,18.1,42.9,4.1,764.7999999999998,71.0,4.0,65.0,-0.8,21.907869854476303,21.907869854476303,0,80
2016-01-16 16:10:00,70,10,21.65,38.69,20.7,38.1633333333333,20.79,41.4,21.6666666666667,40.9,19.39,55.39,4.36666666666667,96.3333333333333,20.39,37.03,20.2,42.863333333333294,18.033333333333296,42.8266666666667,3.6833333333333296,764.733333333333,73.8333333333333,3.8333333333333295,60.83333333333329,-0.7,21.572798991110172,21.572798991110172,0,70
2016-01-16 16:20:00,70,0,21.6,38.56,20.7,38.0675,20.79,41.4,21.533333333333296,40.5,19.3566666666667,54.9,4.5,96.4,20.39,37.03,20.2,42.73,18.1,42.9,3.2666666666666706,764.6666666666669,76.6666666666667,3.6666666666666705,56.66666666666669,-0.6,1.3748939498327672,1.3748939498327672,0,70
2016-01-16 16:30:00,80,10,21.6,38.5,20.7,37.933333333333294,20.76,41.4,21.3566666666667,40.223333333333294,19.29,54.5,3.49333333333333,96.23,20.39,37.03,20.2,42.56,18.1,42.9,2.85,764.6,79.5,3.5,52.5,-0.5,7.328092143870889,7.328092143870889,0,80
2016-01-16 16:40:00,70,20,21.5,38.4,20.6,37.79,20.7,41.425,21.29,40.09,19.29,54.1333333333333,2.69333333333333,95.96333333333328,20.3566666666667,36.863333333333294,20.2,42.433333333333294,18.1,42.723333333333294,2.43333333333333,764.533333333333,82.3333333333333,3.3333333333333295,48.33333333333329,-0.4,21.12975789932534,21.12975789932534,0,70
2016-01-16 16:50:00,80,20,21.5,38.3266666666667,20.6,37.73,20.7,41.5,21.1666666666667,39.9666666666667,19.29,53.86,2.4,95.85,20.29,36.73,20.2,42.1633333333333,18.033333333333296,42.463333333333296,2.0166666666666706,764.466666666667,85.1666666666667,3.16666666666667,44.16666666666669,-0.3,38.35685871308669,38.35685871308669,0,80
2016-01-16 17:00:00,80,20,21.5,38.26,20.566666666666695,37.7,20.7,41.4,21.1,39.8266666666667,19.2,53.5266666666667,2.36333333333333,95.9,20.2,36.5,20.1333333333333,42.09,18.0,42.223333333333294,1.6,764.4,88.0,3.0,40.0,-0.2,0.238322268705815,0.238322268705815,0,80
2016-01-16 17:10:00,150,20,21.4266666666667,38.1266666666667,20.5,37.7,20.7,41.4666666666667,21.066666666666695,39.93,19.2,53.3266666666667,2.36333333333333,95.9,20.1333333333333,36.5,20.1,42.33,18.0,42.03,1.75,764.45,86.3333333333333,3.6666666666666705,40.0,-0.333333333333333,30.17978457501158,30.17978457501158,0,150
2016-01-16 17:20:00,380,30,21.39,38.23,20.463333333333296,37.59,20.7,41.363333333333294,21.0,39.73,19.2,53.06,2.36333333333333,95.93333333333328,20.066666666666695,36.5,20.1666666666667,42.723333333333294,18.0,41.863333333333294,1.9,764.5,84.6666666666667,4.3333333333333295,40.0,-0.46666666666666706,45.27886302676052,45.27886302676052,0,380
2016-01-16 17:30:00,290,30,21.39,38.43,20.463333333333296,37.59,20.6333333333333,41.1566666666667,21.0,39.69333333333329,19.175,52.8975,2.23,95.93333333333328,20.0,36.5,20.2633333333333,43.03,17.9266666666667,41.73,2.05,764.5499999999998,83.0,5.0,40.0,-0.6,35.333076596725725,35.333076596725725,0,290
2016-01-16 17:40:00,270,20,21.39,38.56,20.39,37.59,20.6,41.0,20.9175,39.5225,19.1,52.73,2.4,96.0,19.963333333333296,36.6266666666667,20.39,43.09,17.89,41.56,2.2,764.6,81.3333333333333,5.66666666666667,40.0,-0.733333333333333,13.126857962924989,13.126857962924989,0,270
2016-01-16 17:50:00,420,30,21.323333333333295,38.56,20.39,37.59,20.6,40.86,20.89,39.53,19.1,52.56,2.26666666666667,95.93333333333328,19.89,36.76,20.533333333333296,43.09,17.89,41.5,2.35,764.65,79.6666666666667,6.3333333333333295,40.0,-0.866666666666667,42.553810973186046,42.553810973186046,0,420
2016-01-16 18:00:00,280,20,21.29,38.5,20.463333333333296,37.7,20.6,40.83333333333329,20.89,39.26,19.033333333333296,52.433333333333294,2.0266666666666695,95.96666666666668,19.89,36.8266666666667,20.6,43.09,17.89,41.363333333333294,2.5,764.7,78.0,7.0,40.0,-1.0,16.68027575360611,16.68027575360611,0,280
2016-01-16 18:10:00,300,20,21.29,38.56,20.463333333333296,37.76,20.6,40.6266666666667,20.89,39.2,19.0,52.363333333333294,1.8266666666666695,95.9,19.89,36.9666666666667,20.6333333333333,43.03,17.89,41.23,2.41666666666667,764.766666666667,79.5,6.3333333333333295,40.0,-0.8166666666666669,28.91421337844804,28.91421337844804,0,300
2016-01-16 18:20:00,350,30,21.4266666666667,39.0,20.533333333333296,37.76,20.6333333333333,40.5,20.8566666666667,39.1633333333333,19.0,52.29,1.63333333333333,95.9,19.79,37.0,20.76,42.963333333333296,17.89,41.06,2.3333333333333295,764.8333333333329,81.0,5.66666666666667,40.0,-0.633333333333333,21.63865651236847,21.63865651236847,0,350
2016-01-16 18:30:00,270,20,21.566666666666695,39.06,20.679,37.745,20.7,40.433333333333294,20.79,39.09,18.952857142857095,52.2514285714286,1.36,95.96666666666668,19.79,37.009,20.8483333333333,42.8725,17.89,41.0,2.25,764.9,82.5,5.0,40.0,-0.45,2.5797661510296166,2.5797661510296166,0,270
2016-01-16 18:40:00,560,20,21.73,40.9,20.79,37.79,20.7,40.433333333333294,20.823333333333295,39.2666666666667,18.963333333333296,52.1333333333333,0.8,96.09,19.79,37.1214285714286,20.89,42.76,17.79,40.76,2.16666666666667,764.966666666667,84.0,4.3333333333333295,40.0,-0.266666666666667,36.490164394490414,36.490164394490414,0,560
2016-01-16 18:50:00,1080,30,21.93,42.7666666666667,21.04,38.08,20.7,40.6333333333333,20.89,39.7333333333333,18.89,51.8816666666667,0.466666666666667,96.09,19.79,37.18428571428569,20.9266666666667,42.6633333333333,17.79,40.6725,2.0833333333333295,765.033333333333,85.5,3.6666666666666705,40.0,-0.0833333333333333,27.408520714379847,27.408520714379847,0,1080
2016-01-16 19:00:00,750,20,22.163333333333295,42.4,21.2864285714286,38.39,20.86,41.723333333333294,20.89,39.9266666666667,18.89,51.8144444444444,0.1666666666666669,96.09,19.716875,36.946875,20.937142857142895,42.6214285714286,17.79,40.59,2.0,765.1,87.0,3.0,40.0,0.1,37.56109927780926,37.56109927780926,0,750
2016-01-16 19:10:00,390,10,22.496666666666705,43.19333333333329,21.5594444444444,38.90333333333329,21.1933333333333,43.723333333333294,20.89,40.533333333333296,18.89,51.96,0.0333333333333332,96.09,19.7,36.6272222222222,20.89,42.3655555555556,17.79,40.5,1.8,765.0666666666668,87.8333333333333,2.66666666666667,40.0,0.0333333333333333,2.5385582353919744,2.5385582353919744,0,390
2016-01-16 19:20:00,350,10,22.893333333333295,42.19333333333329,21.7927777777778,39.225,21.6966666666667,45.1,20.89,40.2966666666667,18.89,52.1105555555556,0.1666666666666669,96.2266666666667,19.6277777777778,36.2561111111111,20.8011111111111,42.25,17.79,40.5,1.6,765.033333333333,88.6666666666667,2.3333333333333295,40.0,-0.0333333333333333,35.748310619965196,35.748310619965196,0,350
2016-01-16 19:30:00,340,10,23.175,41.67,21.9572222222222,39.228888888888896,22.0966666666667,45.56,20.823333333333295,39.89,18.89,52.235,0.65,96.4,19.5944444444444,35.9477777777778,20.9266666666667,42.4666666666667,17.79,40.4,1.4,765.0,89.5,2.0,40.0,-0.1,14.884722838178275,14.884722838178275,0,340
2016-01-16 19:40:00,290,20,23.2,41.2266666666667,22.011111111111095,39.0872222222222,22.4266666666667,45.7,20.79,40.3966666666667,18.89,52.3022222222222,0.966666666666667,96.43333333333328,19.566666666666695,35.8022222222222,21.0444444444444,42.48666666666671,17.79,40.4,1.2,764.966666666667,90.3333333333333,1.66666666666667,40.0,-0.166666666666667,14.173860487062484,14.173860487062484,0,290
2016-01-16 19:50:00,230,40,23.29,40.7966666666667,22.09375,38.9425,22.6725,45.52,20.79,40.6566666666667,18.89,52.31,1.0,96.3,19.580625,36.73875,21.1142857142857,42.5,17.79,40.363333333333294,1.0,764.9333333333329,91.1666666666667,1.33333333333333,40.0,-0.233333333333333,41.49385637138039,41.49385637138039,0,230
2016-01-16 20:00:00,120,30,23.29,40.39,22.1,38.6266666666667,22.79,45.0,20.79,40.26,18.89,52.23,0.733333333333333,96.2266666666667,19.9175,38.1675,21.2,42.4666666666667,17.79,40.29,0.8,764.9,92.0,1.0,40.0,-0.3,4.3197687598876655,4.3197687598876655,0,120
2016-01-16 20:10:00,110,40,23.29,39.93,22.1,38.4666666666667,22.79,44.5,20.79,40.1266666666667,18.89,52.1633333333333,0.433333333333333,96.3,20.1,37.933333333333294,21.2,42.4666666666667,17.79,40.26,0.733333333333333,764.9333333333329,92.6666666666667,1.66666666666667,35.66666666666669,-0.266666666666667,2.132855949457735,2.132855949457735,0,110
2016-01-16 20:20:00,100,40,23.29,39.73,22.1,38.4,22.73,44.16666666666671,20.79,40.16666666666671,18.89,52.1633333333333,0.3666666666666669,96.3,20.1,37.76,21.1333333333333,42.5,17.79,40.2,0.666666666666667,764.966666666667,93.3333333333333,2.3333333333333295,31.3333333333333,-0.233333333333333,17.437040444929153,17.437040444929153,0,100
2016-01-16 20:30:00,110,40,23.29,39.6633333333333,22.15,38.29,22.566666666666695,43.89,20.8566666666667,40.83333333333329,18.8566666666667,52.06,0.433333333333333,96.3666666666667,20.1,37.645,21.1333333333333,42.433333333333294,17.79,40.1633333333333,0.6,765.0,94.0,3.0,27.0,-0.2,27.11680050706491,27.11680050706491,0,110
2016-01-16 20:40:00,130,40,23.29,39.463333333333296,22.1,38.2,22.5,43.963333333333296,20.9266666666667,41.1266666666667,18.79,51.933333333333294,0.5666666666666669,96.5,20.066666666666695,37.2966666666667,21.1666666666667,42.4666666666667,17.79,40.09,0.533333333333333,765.033333333333,94.6666666666667,3.6666666666666705,22.666666666666696,-0.166666666666667,30.473043175879862,30.473043175879862,0,130
2016-01-16 20:50:00,140,30,23.29,39.1266666666667,22.1,38.2,22.463333333333296,43.2966666666667,21.0,41.17,18.89,51.9666666666667,0.766666666666667,96.53,20.066666666666695,37.1633333333333,21.1,42.4,17.79,40.09,0.46666666666666706,765.0666666666668,95.3333333333333,4.3333333333333295,18.3333333333333,-0.133333333333333,13.568604923784733,13.568604923784733,0,140
2016-01-16 21:00:00,110,30,23.29,39.0666666666667,22.1,38.2,22.39,43.03,21.0,40.7666666666667,18.823333333333295,51.8266666666667,0.966666666666667,96.53,20.1,37.0,21.1,42.29,17.79,40.03,0.4,765.1,96.0,5.0,14.0,-0.1,10.261546599213032,10.261546599213032,0,110
2016-01-16 21:10:00,100,20,23.29,38.7,22.1666666666667,38.2,22.29,42.56,21.0,40.33333333333329,18.79,51.7,1.0,96.4,20.1,36.933333333333294,21.1666666666667,42.29,17.79,40.0,0.416666666666667,765.0499999999998,96.3333333333333,4.5,15.5,-0.05,19.08160741440952,19.08160741440952,0,100
2016-01-16 21:20:00,100,30,23.29,38.7,22.2,38.1725,22.29,42.433333333333294,21.066666666666695,40.46,18.79,51.7,1.06666666666667,96.4,20.1,36.723333333333294,21.2,42.26,17.73,40.0,0.43333333333333296,765.0,96.6666666666667,4.0,17.0,0.0,23.627905768807977,23.627905768807977,0,100
2016-01-16 21:30:00,110,20,23.29,38.56,22.1333333333333,38.03,22.2,42.1633333333333,21.1,40.43,18.79,51.59,1.1,96.4,20.033333333333296,36.59,21.2,42.1266666666667,17.76,40.0,0.45,764.95,97.0,3.5,18.5,0.05,41.775897494517274,41.775897494517274,0,110
2016-01-16 21:40:00,110,20,23.23,38.433333333333294,22.1,37.9666666666667,22.1333333333333,42.09,21.1,40.23,18.79,51.5225,1.1,96.4,20.0,36.7,21.2,42.06,17.76,40.0,0.46666666666666706,764.9,97.3333333333333,3.0,20.0,0.1,6.073574814945459,6.073574814945459,0,110
2016-01-16 21:50:00,190,20,23.26,38.363333333333294,22.1,37.9,22.066666666666695,41.9666666666667,21.1,40.06,18.79,51.5,1.03333333333333,96.3666666666667,20.0,36.7,21.2,42.0,17.7,39.9,0.48333333333333295,764.85,97.6666666666667,2.5,21.5,0.15,33.790406247135245,33.790406247135245,0,190
2016-01-16 22:00:00,450,20,23.2,38.29,22.1,37.863333333333294,22.0,41.8266666666667,21.1,40.06,18.79,51.363333333333294,1.1,96.5,19.89,36.6633333333333,21.23,41.933333333333294,17.745,39.9,0.5,764.7999999999998,98.0,2.0,23.0,0.2,24.834260996431112,24.834260996431112,0,450
2016-01-16 22:10:00,210,20,23.1666666666667,38.1633333333333,22.1,37.79,21.89,41.7,21.3,40.53,18.79,51.29,1.245,96.5,19.89,36.6633333333333,21.29,42.0,17.7,39.9,0.5833333333333329,764.75,97.1666666666667,2.16666666666667,24.0,0.166666666666667,45.11188738979399,45.11188738979399,0,210
2016-01-16 22:20:00,100,30,23.1,38.09,22.1,37.79,21.89,41.7,21.6333333333333,40.53,18.7,51.1633333333333,1.26,96.46666666666668,19.8566666666667,36.6633333333333,21.323333333333295,41.9666666666667,17.7,39.9,0.666666666666667,764.7,96.3333333333333,2.3333333333333295,25.0,0.133333333333333,27.563198341522362,27.563198341522362,0,100
2016-01-16 22:30:00,90,20,23.066666666666695,38.1266666666667,22.033333333333296,37.73,21.79,41.6566666666667,21.7,40.29,18.7,51.223333333333294,1.13333333333333,96.46666666666668,19.8566666666667,36.9966666666667,21.39,41.9666666666667,17.7,39.8266666666667,0.75,764.65,95.5,2.5,26.0,0.1,6.428233825135976,6.428233825135976,0,90
2016-01-16 22:40:00,90,20,23.0,38.33333333333329,21.963333333333296,37.7,21.73,41.79,21.7,40.29,18.7,51.5666666666667,1.1,96.5,19.89,37.5666666666667,21.5,42.3,17.7,40.03,0.8333333333333329,764.6,94.6666666666667,2.66666666666667,27.0,0.0666666666666667,22.100489283911884,22.100489283911884,0,90
2016-01-16 22:50:00,80,20,22.89,38.545,21.89,37.76,21.6,41.79,21.7,40.463333333333296,18.7,51.76,1.16666666666667,96.5,19.89,37.83333333333329,21.5,42.6333333333333,17.7,40.223333333333294,0.9166666666666669,764.5499999999998,93.8333333333333,2.8333333333333295,28.0,0.0333333333333333,9.61488481843844,9.61488481843844,0,80
2016-01-16 23:00:00,70,20,22.8566666666667,38.79,21.8566666666667,37.79,21.6,41.8725,21.6333333333333,40.53,18.7,52.0666666666667,1.2,96.43333333333328,19.8566666666667,38.1566666666667,21.5,43.09666666666671,17.7,40.463333333333296,1.0,764.5,93.0,3.0,29.0,0.0,21.74503110582009,21.74503110582009,0,70
2016-01-16 23:10:00,70,10,22.79,38.863333333333294,21.79,37.79,21.533333333333296,41.9,21.6,40.6266666666667,18.6333333333333,52.2,1.06666666666667,96.43333333333328,19.79,38.3425,21.5,43.565,17.7,40.723333333333294,0.9166666666666669,764.5,93.5,2.8333333333333295,27.5,0.0,11.25667014857754,11.25667014857754,0,70
2016-01-16 23:20:00,70,10,22.79,38.86,21.76,37.933333333333294,21.5,42.03,21.533333333333296,40.76,18.6,52.26,0.833333333333333,96.46666666666668,19.79,38.6333333333333,21.5,44.1233333333333,17.7,40.933333333333294,0.8333333333333329,764.5,94.0,2.66666666666667,26.0,0.0,48.05481410585344,48.05481410585344,0,70
2016-01-16 23:30:00,60,0,22.73,39.19333333333329,21.7,38.0,21.5,42.03,21.463333333333296,40.9,18.6,52.26,0.6333333333333329,96.4,19.79,38.7,21.5,44.7,17.7,41.06,0.75,764.5,94.5,2.5,24.5,0.0,22.421373252291232,22.421373252291232,0,60
2016-01-16 23:40:00,30,0,22.6,39.23,21.6666666666667,38.0,21.5,42.09,21.323333333333295,40.9,18.6,52.53,0.5,96.5,19.79,38.76,21.5,45.033333333333296,17.7,41.2666666666667,0.666666666666667,764.5,95.0,2.3333333333333295,23.0,0.0,38.857249263674014,38.857249263674014,0,30
2016-01-16 23:50:00,30,0,22.6,39.29,21.6,38.0675,21.5,42.1633333333333,21.26,41.0,18.6,52.6633333333333,0.5,96.5,19.7,38.9,21.5,45.7266666666667,17.76,41.4666666666667,0.5833333333333329,764.5,95.5,2.16666666666667,21.5,0.0,7.910988724324851,7.910988724324851,0,30
2016-01-17 00:00:00,30,0,22.5,39.363333333333294,21.533333333333296,38.09,21.463333333333296,42.2,21.175,41.0675,18.6,52.79,0.4,96.3666666666667,19.7,38.9666666666667,21.4266666666667,46.06,17.7,41.73,0.5,764.5,96.0,2.0,20.0,0.0,43.34042912814766,43.34042912814766,0,30
2016-01-17 00:10:00,40,0,22.4266666666667,39.29,21.5,38.1266666666667,21.39,42.2,21.1,41.1633333333333,18.6,52.863333333333294,0.4,96.3666666666667,19.7,39.1266666666667,21.39,46.3266666666667,17.7,41.93,0.55,764.5,96.0,2.16666666666667,27.5,0.0333333333333333,10.307280288543552,10.307280288543552,0,40
2016-01-17 00:20:00,50,0,22.39,39.29,21.4266666666667,38.1266666666667,21.39,42.29,20.963333333333296,41.23,18.6,53.0,0.433333333333333,96.43333333333328,19.7,39.33333333333329,21.39,46.4666666666667,17.7,42.1566666666667,0.6,764.5,96.0,2.3333333333333295,35.0,0.0666666666666667,8.897484152112156,8.897484152112156,0,50
2016-01-17 00:30:00,60,0,22.323333333333295,39.363333333333294,21.3566666666667,38.23,21.39,42.29,20.89,41.29,18.6,53.0,0.5,96.5,19.7,39.4,21.3566666666667,46.8,17.7,42.363333333333294,0.65,764.5,96.0,2.5,42.5,0.1,8.244557317811996,8.244557317811996,0,60
2016-01-17 00:40:00,50,0,22.29,39.433333333333294,21.29,38.29,21.39,42.363333333333294,20.89,41.4,18.6,53.1266666666667,0.5666666666666669,96.43333333333328,19.7,39.4666666666667,21.29,47.19333333333329,17.7,42.6266666666667,0.7,764.5,96.0,2.66666666666667,50.0,0.133333333333333,28.26344886561856,28.26344886561856,0,50
2016-01-17 00:50:00,50,0,22.23,39.5,21.29,38.29,21.39,42.363333333333294,20.823333333333295,41.3266666666667,18.55,53.2225,0.4749999999999999,96.475,19.6,39.59,21.29,47.363333333333294,17.76,42.76,0.75,764.5,96.0,2.8333333333333295,57.5,0.166666666666667,36.35905105620623,36.35905105620623,0,50
2016-01-17 01:00:00,50,0,22.2,39.5,21.29,38.29,21.39,42.4,20.7,41.4,18.533333333333296,53.29,0.4,96.4,19.6,39.6633333333333,21.23,47.09666666666671,17.79,43.0,0.8,764.5,96.0,3.0,65.0,0.2,43.79594945348799,43.79594945348799,0,50
2016-01-17 01:10:00,50,0,22.1333333333333,39.56,21.2,38.29,21.39,42.3266666666667,20.7,41.4,18.5,53.433333333333294,0.4,96.4,19.6,39.86,21.2,47.03,17.745,43.095,0.8333333333333329,764.5499999999998,95.5,3.0,58.0,0.166666666666667,35.42121918871999,35.42121918871999,0,50
2016-01-17 01:20:00,50,0,22.066666666666695,39.6633333333333,21.1333333333333,38.29,21.39,42.4,20.6666666666667,41.4666666666667,18.5,53.5,0.3333333333333329,96.4,19.6,40.19333333333329,21.2,47.09,17.79,43.33333333333329,0.866666666666667,764.6,95.0,3.0,51.0,0.133333333333333,23.87316054664552,23.87316054664552,0,50
2016-01-17 01:30:00,50,0,22.0,39.6633333333333,21.1,38.4,21.39,42.4,20.6,41.4,18.5,53.6266666666667,0.3333333333333329,96.4,19.6,40.433333333333294,21.2,47.23,17.79,43.53,0.9,764.65,94.5,3.0,44.0,0.1,41.013999679125845,41.013999679125845,0,50
2016-01-17 01:40:00,50,0,22.0,39.7,21.1,38.4,21.39,42.5,20.566666666666695,41.53,18.5,53.7,0.4,96.4,19.6666666666667,40.5,21.2,47.363333333333294,17.79,43.6633333333333,0.933333333333333,764.7,94.0,3.0,37.0,0.0666666666666667,0.8306105388328433,0.8306105388328433,0,50
2016-01-17 01:50:00,60,0,21.9266666666667,39.7,21.0,38.4,21.39,42.5,20.5,41.59,18.5,53.73,0.5666666666666669,96.53,19.6,40.5,21.1,47.5666666666667,17.79,43.8266666666667,0.966666666666667,764.75,93.5,3.0,30.0,0.0333333333333333,49.80555506190285,49.80555506190285,0,60
2016-01-17 02:00:00,50,0,21.89,39.73,21.0,38.4,21.39,42.59,20.5,41.7,18.5,53.79,0.766666666666667,96.46333333333328,19.6,40.5,21.1,47.76,17.79,43.9666666666667,1.0,764.7999999999998,93.0,3.0,23.0,0.0,31.744741788133975,31.744741788133975,0,50
2016-01-17 02:10:00,60,0,21.865,39.7675,20.963333333333296,38.5,21.39,42.5225,20.4266666666667,41.7,18.463333333333296,53.79,1.03333333333333,96.4,19.6,40.6633333333333,21.1,47.963333333333296,17.79,44.09,0.9,764.75,93.8333333333333,3.16666666666667,23.5,0.0166666666666667,21.42376904375851,21.42376904375851,0,60
2016-01-17 02:20:00,50,0,21.79,39.7,20.89,38.56,21.39,42.5,20.39,41.7,18.39,53.79,1.03333333333333,96.3333333333333,19.6,40.59,21.1,48.1633333333333,17.79,44.223333333333294,0.8,764.7,94.6666666666667,3.3333333333333295,24.0,0.0333333333333333,1.4196466421708465,1.4196466421708465,0,50
2016-01-17 02:30:00,40,0,21.76,39.79,20.89,38.6266666666667,21.39,42.53,20.39,41.7,18.39,53.8266666666667,0.866666666666667,96.26333333333329,19.55,40.7,21.05,48.3,17.79,44.3266666666667,0.7,764.65,95.5,3.5,24.5,0.05,37.666635029017925,37.666635029017925,0,40
2016-01-17 02:40:00,30,0,21.7,39.79,20.823333333333295,38.6266666666667,21.39,42.59,20.29,41.79,18.39,53.9,0.8,96.12333333333329,19.533333333333296,40.7,21.0,48.3266666666667,17.79,44.4666666666667,0.6,764.6,96.3333333333333,3.6666666666666705,25.0,0.0666666666666667,10.431698767933995,10.431698767933995,0,30
2016-01-17 02:50:00,30,0,21.7,39.8266666666667,20.79,38.7,21.3566666666667,42.59,20.29,41.79,18.39,53.8266666666667,0.9,96.19,19.6,40.7,21.0,48.4666666666667,17.79,44.53,0.5,764.5499999999998,97.1666666666667,3.8333333333333295,25.5,0.0833333333333333,49.97277025831863,49.97277025831863,0,30
2016-01-17 03:00:00,30,0,21.6333333333333,39.8266666666667,20.79,38.7,21.29,42.59,20.26,41.863333333333294,18.39,53.9,0.833333333333333,96.12333333333329,19.5,40.9,21.0,48.6266666666667,17.79,44.6633333333333,0.4,764.5,98.0,4.0,26.0,0.1,45.362459658645086,45.362459658645086,0,30
2016-01-17 03:10:00,60,0,21.6,39.8266666666667,20.7,38.79,21.29,42.59,20.2,41.79,18.39,53.9,0.8,96.06,19.5,41.0266666666667,21.0,48.7,17.79,44.79,0.43333333333333296,764.466666666667,97.8333333333333,3.6666666666666705,28.3333333333333,0.1,35.623251588549465,35.623251588549465,0,60
2016-01-17 03:20:00,50,0,21.6,39.9,20.7,38.8266666666667,21.29,42.6633333333333,20.2,41.863333333333294,18.39,53.9,0.866666666666667,96.06,19.5,41.1633333333333,20.89,48.86,17.79,44.863333333333294,0.46666666666666706,764.4333333333329,97.6666666666667,3.3333333333333295,30.666666666666696,0.1,36.54664419591426,36.54664419591426,0,50
2016-01-17 03:30:00,60,0,21.5,40.0,20.7,38.9,21.29,42.7,20.2,41.9,18.39,53.9,1.0,96.09,19.566666666666695,41.09,20.89,49.06,17.79,44.933333333333294,0.5,764.4,97.5,3.0,33.0,0.1,23.624396056402475,23.624396056402475,0,60
2016-01-17 03:40:00,50,0,21.5,40.0,20.6666666666667,38.9,21.29,42.7,20.2,41.9,18.39,53.9,1.0,96.12333333333329,19.5,41.09,20.8566666666667,49.29,17.79,45.06,0.533333333333333,764.366666666667,97.3333333333333,2.66666666666667,35.3333333333333,0.1,43.125534348655485,43.125534348655485,0,50
2016-01-17 03:50:00,50,0,21.5,40.03,20.6,38.9,21.29,42.7,20.1,41.933333333333294,18.323333333333295,53.9,1.06666666666667,96.19,19.5,41.09,20.79,49.345,17.79,45.1266666666667,0.566666666666667,764.3333333333329,97.1666666666667,2.3333333333333295,37.66666666666669,0.1,8.270756120327858,8.270756120327858,0,50
2016-01-17 04:00:00,50,0,21.4266666666667,40.03,20.6,38.933333333333294,21.29,42.76,20.1,42.0,18.39,53.9,1.1,96.1566666666667,19.566666666666695,41.0,20.79,49.6266666666667,17.79,45.2,0.6,764.2999999999998,97.0,2.0,40.0,0.1,31.021396280266345,31.021396280266345,0,50
2016-01-17 04:10:00,40,0,21.39,40.0,20.533333333333296,39.0,21.26,42.7,20.1,42.0,18.34,53.9,1.1,96.09,19.5,41.0,20.79,49.7,17.79,45.23,0.5833333333333329,764.266666666667,96.8333333333333,2.16666666666667,40.0,0.0833333333333333,14.616569748613983,14.616569748613983,0,40
2016-01-17 04:20:00,60,0,21.39,40.06,20.5,39.03,21.26,42.76,20.1,42.0,18.29,53.9,1.1,96.09,19.5,41.0,20.76,49.933333333333294,17.79,45.3175,0.566666666666667,764.233333333333,96.6666666666667,2.3333333333333295,40.0,0.0666666666666667,22.807086689863358,22.807086689863358,0,60
2016-01-17 04:30:00,50,0,21.29,40.09,20.5,39.09,21.26,42.76,20.0,41.9,18.29,53.9,1.03333333333333,96.03,19.5,41.0,20.76,50.06,17.79,45.4,0.55,764.2,96.5,2.5,40.0,0.05,2.2819604491814967,2.2819604491814967,0,50
2016-01-17 04:40:00,60,0,21.29,40.09,20.5,39.1266666666667,21.2,42.7,20.0,41.9,18.29,53.9,1.0,96.0,19.5,41.0,20.7,50.3266666666667,17.79,45.433333333333294,0.533333333333333,764.1666666666669,96.3333333333333,2.66666666666667,40.0,0.0333333333333333,8.8830876047723,8.8830876047723,0,60
2016-01-17 04:50:00,50,0,21.29,40.2,20.4266666666667,39.1266666666667,21.23,42.73,20.0,41.933333333333294,18.29,53.9,1.0,96.0,19.5,40.933333333333294,20.7,50.4,17.79,45.5,0.5166666666666672,764.1333333333331,96.1666666666667,2.8333333333333295,40.0,0.0166666666666667,2.896603394765407,2.896603394765407,0,50
2016-01-17 05:00:00,50,0,21.23,40.2,20.39,39.09,21.29,42.79,19.9266666666667,41.933333333333294,18.29,53.9,0.866666666666667,96.0,19.5,40.9,20.7,50.5,17.8233333333333,45.5666666666667,0.5,764.1,96.0,3.0,40.0,0.0,47.220511676277965,47.220511676277965,0,50
2016-01-17 05:10:00,40,0,21.2,40.2,20.39,39.1633333333333,21.29,42.79,19.89,41.9666666666667,18.29,53.9,0.8,96.0,19.5,40.9,20.7,50.5,17.8233333333333,45.6266666666667,0.48333333333333295,764.1,96.1666666666667,3.0,38.0,0.0,17.137173714581877,17.137173714581877,0,40
2016-01-17 05:20:00,50,0,21.2,40.2,20.323333333333295,39.2,21.23,42.73,19.89,41.9666666666667,18.29,53.9,0.8,96.03,19.5,40.9,20.7,50.4,17.79,45.6266666666667,0.46666666666666706,764.1,96.3333333333333,3.0,36.0,0.0,25.897528533823788,25.897528533823788,0,50
2016-01-17 05:30:00,50,0,21.1,40.29,20.323333333333295,39.2,21.2,42.7,19.89,42.0,18.29,53.9,0.733333333333333,96.09,19.4266666666667,40.8266666666667,20.7,50.4,17.79,45.7,0.45,764.1,96.5,3.0,34.0,0.0,31.26226676395163,31.26226676395163,0,50
2016-01-17 05:40:00,30,0,21.1,40.29,20.29,39.23,21.2,42.73,19.89,42.0,18.26,53.863333333333294,0.6999999999999998,96.09,19.445,40.995,20.7,50.29,17.79,45.7,0.43333333333333296,764.1,96.6666666666667,3.0,32.0,0.0,11.863242683466524,11.863242683466524,0,30
2016-01-17 05:50:00,40,0,21.1,40.29,20.29,39.29,21.2,42.73,19.79,41.9,18.26,53.79,0.6999999999999998,96.09,19.4266666666667,41.0666666666667,20.625,50.1175,17.79,45.76,0.416666666666667,764.1,96.8333333333333,3.0,30.0,0.0,25.806195719633248,25.806195719633248,0,40
2016-01-17 06:00:00,30,0,21.0,40.29,20.26,39.26,21.2,42.7,19.79,41.9,18.2,53.73,0.6999999999999998,96.09,19.4266666666667,41.1266666666667,20.6666666666667,50.0,17.89,45.9,0.4,764.1,97.0,3.0,28.0,0.0,40.327091387007385,40.327091387007385,0,30
2016-01-17 06:10:00,50,0,21.0,40.363333333333294,20.2,39.26,21.2,42.6266666666667,19.79,41.9666666666667,18.2,53.73,0.75,96.0225,19.39,41.2,20.6,49.76,17.8233333333333,45.8266666666667,0.416666666666667,764.1333333333331,96.8333333333333,3.0,28.0,-0.0166666666666667,17.413236724678427,17.413236724678427,0,50
2016-01-17 06:20:00,50,0,21.0,40.4,20.2,39.345,21.2,42.6266666666667,19.79,41.975,18.2,53.7,0.766666666666667,96.06,19.39,41.0666666666667,20.6,49.7,17.79,45.8266666666667,0.43333333333333296,764.1666666666669,96.6666666666667,3.0,28.0,-0.0333333333333333,42.93437264859676,42.93437264859676,0,50
2016-01-17 06:30:00,40,0,21.0,40.4,20.1666666666667,39.4,21.2,42.6266666666667,19.79,42.0,18.2,53.7,0.766666666666667,96.09,19.39,41.1266666666667,20.6,49.7,17.8566666666667,45.9666666666667,0.45,764.2,96.5,3.0,28.0,-0.05,1.7219380591996014,1.7219380591996014,0,40
2016-01-17 06:40:00,50,0,20.963333333333296,40.433333333333294,20.1666666666667,39.4,21.1,42.7,19.73,41.9,18.2,53.6725,0.6999999999999998,96.09,19.39,41.2,20.6,49.6266666666667,17.8566666666667,45.9666666666667,0.46666666666666706,764.233333333333,96.3333333333333,3.0,28.0,-0.0666666666666667,48.54985729325563,48.54985729325563,0,50
2016-01-17 06:50:00,50,0,20.89,40.5,20.1,39.4,21.1,42.7,19.73,41.9,18.2,53.6633333333333,0.6999999999999998,96.09,19.39,41.2,20.566666666666695,49.56,17.8566666666667,45.9666666666667,0.48333333333333295,764.266666666667,96.1666666666667,3.0,28.0,-0.0833333333333333,37.25550681119785,37.25550681119785,0,50
2016-01-17 07:00:00,170,0,20.89,40.5,20.1,39.4666666666667,21.1,42.79,19.7,42.0,18.2,53.59,0.6333333333333329,96.03,19.39,41.2,20.5,49.5,17.8233333333333,45.963333333333296,0.5,764.2999999999998,96.0,3.0,28.0,-0.1,13.662762090098113,13.662762090098113,0,170
2016-01-17 07:10:00,400,0,20.89,40.5,20.1,39.5,21.1,42.73,19.7,42.0,18.2,53.59,0.5999999999999999,96.12333333333329,19.39,41.2,20.5,49.4,17.8233333333333,46.03,0.28333333333333294,764.366666666667,96.0,2.8333333333333295,27.3333333333333,-0.316666666666667,33.85530507657677,33.85530507657677,0,400
2016-01-17 07:20:00,390,10,20.79,40.53,20.033333333333296,39.433333333333294,21.1,42.76,19.893333333333295,42.1266666666667,18.2,53.59,0.5333333333333329,96.19,19.39,41.2,20.5,49.4,17.89,46.09,0.0666666666666667,764.4333333333329,96.0,2.66666666666667,26.666666666666696,-0.533333333333333,17.397373402491212,17.397373402491212,0,390
2016-01-17 07:30:00,370,10,20.79,40.723333333333294,20.0,39.433333333333294,21.1,42.6266666666667,20.2933333333333,42.1266666666667,18.2,53.59,0.2666666666666669,96.19,19.39,41.2,20.5,49.29,17.865,46.0425,-0.15,764.5,96.0,2.5,26.0,-0.75,47.35102608101442,47.35102608101442,0,370
2016-01-17 07:40:00,390,10,20.79,40.933333333333294,20.0,39.56,21.1,42.59,20.7633333333333,41.9,18.2,53.59,0.0666666666666666,96.19,19.39,41.2,20.5,49.29,17.8566666666667,45.9,-0.366666666666667,764.5666666666668,96.0,2.3333333333333295,25.3333333333333,-0.9666666666666659,16.931188746821135,16.931188746821135,0,390
2016-01-17 07:50:00,370,10,20.79,41.1333333333333,20.0,39.59,21.1,42.59,21.03,41.5666666666667,18.1666666666667,53.59,-0.2999999999999999,96.0266666666667,19.39,41.29,20.463333333333296,49.1633333333333,17.79,45.76,-0.5833333333333329,764.6333333333331,96.0,2.16666666666667,24.666666666666696,-1.18333333333333,1.5856601996347308,1.5856601996347308,0,370
2016-01-17 08:00:00,380,10,20.79,41.2,20.0,39.6633333333333,21.0,42.4,21.36,41.1333333333333,18.1,53.59,-0.6333333333333329,95.8333333333333,19.323333333333295,41.23,20.39,49.03,17.8566666666667,45.76,-0.8,764.7,96.0,2.0,24.0,-1.4,17.679289879743006,17.679289879743006,0,380
2016-01-17 08:10:00,100,10,20.79,41.2,20.0,39.8266666666667,21.0,42.4,21.6333333333333,40.933333333333294,18.1,53.5,-0.966666666666667,95.56,19.29,41.23,20.39,49.09,17.79,45.59,-0.8,764.716666666667,95.5,2.0,24.666666666666696,-1.46666666666667,19.35617938870564,19.35617938870564,0,100
2016-01-17 08:20:00,90,20,20.79,41.26,20.0,39.9666666666667,21.0,42.2966666666667,21.79,40.6333333333333,18.1,53.56,-1.03333333333333,95.6266666666667,19.29,41.29,20.39,49.03,17.79,45.53,-0.8,764.733333333333,95.0,2.0,25.3333333333333,-1.53333333333333,17.84735800465569,17.84735800465569,0,90
2016-01-17 08:30:00,470,10,20.79,41.26,20.0,40.09,21.0,42.1633333333333,21.79,40.6333333333333,18.1,53.5,-0.9,95.8,19.29,41.29,20.39,48.933333333333294,17.79,45.5,-0.8,764.75,94.5,2.0,26.0,-1.6,47.99843030050397,47.99843030050397,0,470
2016-01-17 08:40:00,320,0,20.79,41.645,20.0,40.09,20.945,42.45,21.79,40.533333333333296,18.1,53.433333333333294,-0.966666666666667,95.66,19.29,40.823333333333295,20.39,48.86,17.79,45.36,-0.8,764.766666666667,94.0,2.0,26.666666666666696,-1.66666666666667,19.186910241842266,19.186910241842266,0,320
2016-01-17 08:50:00,270,0,20.823333333333295,42.1266666666667,20.1,40.09,21.23,43.893333333333295,21.73,40.0,18.1,53.26,-1.05,95.64,19.29,40.29,20.29,48.4,17.79,44.99,-0.8,764.783333333333,93.5,2.0,27.3333333333333,-1.73333333333333,27.31688105268404,27.31688105268404,0,270
2016-01-17 09:00:00,260,0,20.89,42.4,20.1666666666667,40.09,21.43,44.893333333333295,21.6666666666667,39.6333333333333,18.1,53.0666666666667,-1.2,95.59,19.26,39.7666666666667,20.29,47.8975,17.79,44.53,-0.8,764.7999999999998,93.0,2.0,28.0,-1.8,46.266173792537295,46.266173792537295,0,260
2016-01-17 09:10:00,230,0,20.9266666666667,42.39,20.2,39.93,21.7633333333333,45.59,21.533333333333296,39.36,18.1,52.76,-1.13333333333333,95.6566666666667,19.2,39.36,20.29,47.463333333333296,17.73,43.893333333333295,-0.633333333333333,764.85,92.5,1.8333333333333297,28.166666666666696,-1.71666666666667,45.8429763559252,45.8429763559252,0,230
2016-01-17 09:20:00,470,10,21.0,42.59,20.26,39.79,22.03,45.463333333333296,21.3566666666667,38.93,18.1,52.5666666666667,-1.13333333333333,95.6566666666667,19.2,39.23,20.2,46.9666666666667,17.73,43.5,-0.46666666666666706,764.9,92.0,1.66666666666667,28.3333333333333,-1.63333333333333,12.136649643070996,12.136649643070996,0,470
2016-01-17 09:30:00,400,0,21.1333333333333,42.533333333333296,20.39,39.5,22.23,44.99,21.29,38.79,18.1,52.3,-1.26,95.53,19.2,39.03,20.2,46.7666666666667,17.7,43.0633333333333,-0.3,764.95,91.5,1.5,28.5,-1.55,35.85454194108024,35.85454194108024,0,400
2016-01-17 09:40:00,290,0,21.2,42.33333333333329,20.5,39.2966666666667,22.3566666666667,44.53,21.2,38.5,18.1,52.0666666666667,-1.32333333333333,95.33,19.1666666666667,38.46,20.2,46.4,17.76,42.73,-0.133333333333333,765.0,91.0,1.33333333333333,28.666666666666696,-1.46666666666667,17.447301791980863,17.447301791980863,0,290
2016-01-17 09:50:00,100,0,21.39,41.8,20.566666666666695,39.03,22.39,43.7333333333333,21.2633333333333,38.963333333333296,18.1,51.83333333333329,-1.32333333333333,95.26333333333329,19.1,38.0666666666667,20.1333333333333,46.2,17.79,42.73,0.0333333333333333,765.0499999999998,90.5,1.16666666666667,28.8333333333333,-1.38333333333333,27.714167535305023,27.714167535305023,0,100
2016-01-17 10:00:00,90,0,21.463333333333296,40.6,20.823333333333295,38.863333333333294,22.323333333333295,43.2666666666667,21.463333333333296,39.1633333333333,18.1,51.6266666666667,-1.29,95.3,19.1333333333333,38.06,20.1,45.93,17.79,42.73,0.2,765.1,90.0,1.0,29.0,-1.3,37.14862065389752,37.14862065389752,0,90
2016-01-17 10:10:00,90,0,21.6333333333333,39.9666666666667,20.963333333333296,38.6566666666667,22.2,42.76,21.533333333333296,39.463333333333296,18.1,51.363333333333294,-1.23,95.2266666666667,19.1333333333333,37.933333333333294,20.1,45.73,17.76,42.6633333333333,0.38333333333333297,765.15,89.5,1.0,29.0,-1.18333333333333,40.98491593031213,40.98491593031213,0,90
2016-01-17 10:20:00,90,0,21.7,39.7666666666667,21.1333333333333,38.4,22.1333333333333,42.5666666666667,21.6,39.59,18.1,51.23,-1.16666666666667,95.26,19.1333333333333,37.9,20.1,45.56,17.76,42.53,0.566666666666667,765.2,89.0,1.0,29.0,-1.06666666666667,43.482863251119845,43.482863251119845,0,90
2016-01-17 10:30:00,90,0,21.73,39.5266666666667,21.2,38.0666666666667,22.066666666666695,42.1,21.6,39.79,18.1,51.045,-1.03333333333333,95.46666666666668,19.2,37.7666666666667,20.1,45.5,17.79,42.33333333333329,0.75,765.25,88.5,1.0,29.0,-0.95,1.7932567163370547,1.7932567163370547,0,90
2016-01-17 10:40:00,100,0,21.8566666666667,39.4,21.29,37.9666666666667,22.0,41.7666666666667,21.6,39.863333333333294,18.1,50.863333333333294,-0.866666666666667,95.62333333333329,19.1333333333333,37.6633333333333,20.1,45.363333333333294,17.79,41.9975,0.933333333333333,765.2999999999998,88.0,1.0,29.0,-0.8333333333333329,11.001220170874149,11.001220170874149,0,100
2016-01-17 10:50:00,80,0,21.89,39.26,21.29,37.8266666666667,21.89,41.5266666666667,21.6333333333333,39.9,18.1,50.73,-0.6666666666666669,95.83,19.2,37.6633333333333,20.1,45.29,17.79,41.79,1.11666666666667,765.35,87.5,1.0,29.0,-0.716666666666667,18.34866048302501,18.34866048302501,0,80
2016-01-17 11:00:00,180,0,21.963333333333296,39.26,21.39,37.6633333333333,21.89,41.3266666666667,21.7,39.7666666666667,18.1,50.59,-0.466666666666667,96.03,19.2,37.5266666666667,20.1333333333333,45.2,17.89,41.76,1.3,765.4,87.0,1.0,29.0,-0.6,15.284822101239113,15.284822101239113,0,180
2016-01-17 11:10:00,440,0,22.033333333333296,39.19333333333329,21.39,37.39,21.89,41.23,21.79,39.46,18.1,50.53,-0.3333333333333329,96.1566666666667,19.2,37.3266666666667,20.1333333333333,45.2,17.8233333333333,41.5666666666667,1.48333333333333,765.4333333333329,85.1666666666667,1.16666666666667,29.0,-0.75,36.39152287505567,36.39152287505567,0,440
2016-01-17 11:20:00,300,0,22.1,38.8,21.39,36.86,21.963333333333296,41.49,21.8566666666667,39.26,18.1,50.26,-0.1333333333333329,96.2266666666667,19.323333333333295,37.8266666666667,20.2,45.6266666666667,17.89,41.5,1.66666666666667,765.466666666667,83.3333333333333,1.33333333333333,29.0,-0.9,34.98643831117079,34.98643831117079,0,300
2016-01-17 11:30:00,250,0,22.1,37.933333333333294,21.1966666666667,35.1333333333333,21.8566666666667,41.1,21.8566666666667,39.1,18.1,50.0666666666667,0.1,96.35,19.463333333333296,37.9,20.26,45.6266666666667,17.89,41.433333333333294,1.85,765.5,81.5,1.5,29.0,-1.05,45.50304634030908,45.50304634030908,0,250
2016-01-17 11:40:00,280,0,22.033333333333296,37.4,20.89,34.4266666666667,21.79,40.6333333333333,21.79,38.6333333333333,18.1,49.723333333333294,0.2666666666666669,96.43333333333328,19.533333333333296,37.8266666666667,20.29,45.26,17.89,41.29,2.03333333333333,765.533333333333,79.6666666666667,1.66666666666667,29.0,-1.2,42.28013048414141,42.28013048414141,0,280
2016-01-17 11:50:00,460,0,22.033333333333296,37.9266666666667,20.963333333333296,34.96,22.1,40.745,21.76,38.5,18.1,49.39,0.3333333333333329,96.46666666666668,19.6,37.8266666666667,20.29,45.2,17.89,41.29,2.2166666666666694,765.5666666666668,77.8333333333333,1.8333333333333297,29.0,-1.35,38.927232008427374,38.927232008427374,0,460
2016-01-17 12:00:00,120,0,22.1,38.25,21.1333333333333,35.5966666666667,22.323333333333295,40.6333333333333,21.7,38.56,18.1,49.1633333333333,0.4,96.4,19.7,37.76,20.39,45.363333333333294,18.0,41.1633333333333,2.4,765.6,76.0,2.0,29.0,-1.5,20.0421714107506,20.0421714107506,0,120
2016-01-17 12:10:00,120,0,22.1,38.2666666666667,21.26,35.99,22.463333333333296,40.433333333333294,21.6666666666667,38.59,18.1,49.03,0.5,96.53,19.7225,37.595,20.39,44.963333333333296,18.0,41.09,2.4833333333333294,765.5833333333329,75.1666666666667,2.0,30.8333333333333,-1.58333333333333,28.840232943184677,28.840232943184677,0,120
2016-01-17 12:20:00,110,0,22.1,38.26,21.29,36.3266666666667,22.39,39.93,21.6,38.59,18.1,49.0,0.5666666666666669,96.53,19.8566666666667,37.56,20.39,44.645,18.0,40.863333333333294,2.56666666666667,765.5666666666668,74.3333333333333,2.0,32.66666666666669,-1.66666666666667,3.817972308024764,3.817972308024764,0,110
2016-01-17 12:30:00,130,0,22.1,38.26,21.29,36.4666666666667,22.323333333333295,39.73,21.6,38.7,18.1666666666667,49.0,0.6999999999999998,96.69,19.89,37.33333333333329,20.533333333333296,44.33333333333329,18.0,40.6566666666667,2.65,765.5499999999998,73.5,2.0,34.5,-1.75,43.648742535151534,43.648742535151534,0,130
2016-01-17 12:40:00,110,0,22.033333333333296,38.23,21.29,36.59,22.2,39.4,21.533333333333296,38.76,18.1,48.9,0.833333333333333,96.76333333333329,19.963333333333296,37.0666666666667,20.6666666666667,44.1266666666667,18.0,40.363333333333294,2.7333333333333294,765.533333333333,72.6666666666667,2.0,36.33333333333329,-1.8333333333333297,47.8142867796123,47.8142867796123,0,110
2016-01-17 12:50:00,120,0,22.1,38.23,21.29,36.59,22.1333333333333,39.4,21.5,38.95,18.1,48.8266666666667,0.933333333333333,96.8,20.1333333333333,36.69333333333329,20.73,43.863333333333294,18.0,40.1566666666667,2.81666666666667,765.516666666667,71.8333333333333,2.0,38.16666666666669,-1.91666666666667,25.276553991716355,25.276553991716355,0,120
2016-01-17 13:00:00,120,0,22.1,38.06,21.29,36.59,22.1,39.363333333333294,21.5,38.9,18.1,48.79,1.0,96.8,20.26,36.433333333333294,20.8566666666667,43.73,18.0,39.9666666666667,2.9,765.5,71.0,2.0,40.0,-2.0,46.21831818949431,46.21831818949431,0,120
2016-01-17 13:10:00,120,0,22.1,38.06,21.26,36.56,22.1,39.23,21.5,38.9,18.1,48.79,1.06666666666667,96.8333333333333,20.39,36.1633333333333,21.163333333333295,43.4666666666667,18.066666666666695,39.9,2.91666666666667,765.483333333333,69.6666666666667,2.0,40.0,-2.25,6.725676637142897,6.725676637142897,0,120
2016-01-17 13:20:00,130,0,22.066666666666695,38.1633333333333,21.1333333333333,36.56,22.0,39.1633333333333,21.5,39.09,18.1,48.6633333333333,1.26,96.96666666666668,20.39,35.9633333333333,21.3566666666667,43.2666666666667,18.1,39.83,2.93333333333333,765.466666666667,68.3333333333333,2.0,40.0,-2.5,11.936850158963352,11.936850158963352,0,130
2016-01-17 13:30:00,120,0,22.0,38.09,21.1,36.59,22.0,39.1633333333333,21.5,38.89,18.1,48.59,1.32333333333333,97.0,20.39,35.6633333333333,21.39,43.1633333333333,18.1666666666667,40.6966666666667,2.95,765.45,67.0,2.0,40.0,-2.75,24.498131102882326,24.498131102882326,0,120
2016-01-17 13:40:00,120,0,22.0,38.23,21.1,36.6633333333333,21.963333333333296,39.2,21.39,38.4666666666667,18.1,48.59,1.39,97.0,20.39,35.39,21.39,43.09,18.2,40.893333333333295,2.9666666666666694,765.4333333333329,65.6666666666667,2.0,40.0,-3.0,23.703004838898774,23.703004838898774,0,120
2016-01-17 13:50:00,410,0,22.0,38.23,21.0,36.5633333333333,21.89,39.2,21.39,38.4,18.1,48.59,1.53333333333333,97.19,20.39,35.065,21.533333333333296,43.4,18.2225,40.35,2.9833333333333294,765.4166666666669,64.3333333333333,2.0,40.0,-3.25,21.7497079516761,21.7497079516761,0,410
2016-01-17 14:00:00,420,0,22.0,37.0266666666667,20.775,34.79,21.8566666666667,38.893333333333295,21.3566666666667,37.5633333333333,18.1,48.4475,1.6,97.19,20.39,34.64,21.6,42.7333333333333,18.29,40.56,3.0,765.4,63.0,2.0,40.0,-3.5,1.962448004633188,1.962448004633188,0,420
2016-01-17 14:10:00,140,0,21.9266666666667,34.9,20.416,32.39,21.663333333333295,37.9666666666667,21.29,37.23,18.1,48.2675,1.7,97.3,20.531666666666695,34.41,21.6,41.8,18.29,40.5,3.0166666666666706,765.366666666667,62.33333333333329,2.0,40.0,-3.6333333333333298,32.21655075903982,32.21655075903982,0,140
2016-01-17 14:20:00,60,0,21.8566666666667,33.13,20.0966666666667,31.16,21.463333333333296,36.3,21.26,36.5933333333333,18.1,48.0666666666667,1.73,97.2266666666667,20.6333333333333,33.9233333333333,21.6,41.1,18.29,40.433333333333294,3.03333333333333,765.3333333333329,61.66666666666671,2.0,40.0,-3.7666666666666706,35.778360010590404,35.778360010590404,0,60
2016-01-17 14:30:00,60,0,21.73,32.4633333333333,19.7633333333333,30.16,21.2633333333333,35.2333333333333,21.2,36.0666666666667,18.1,47.4175,1.79,97.2266666666667,20.76,33.2566666666667,21.6,40.0933333333333,18.39,39.7666666666667,3.05,765.2999999999998,61.0,2.0,40.0,-3.9,17.583336064126343,17.583336064126343,0,60
2016-01-17 14:40:00,70,10,21.6333333333333,32.0233333333333,19.73,30.366666666666696,21.1,35.03,21.2,35.8633333333333,18.1,46.69333333333329,1.79,97.2266666666667,20.9266666666667,32.9666666666667,21.6,39.5,18.39,39.5,3.06666666666667,765.266666666667,60.33333333333329,2.0,40.0,-4.03333333333333,47.32783744111657,47.32783744111657,0,70
2016-01-17 14:50:00,80,0,21.7,32.6966666666667,19.8566666666667,31.233333333333295,20.96,35.2966666666667,21.2,35.73,18.1,46.33333333333329,1.79,97.2266666666667,21.066666666666695,32.8266666666667,21.6333333333333,39.26,18.39,39.4666666666667,3.0833333333333295,765.233333333333,59.66666666666671,2.0,40.0,-4.16666666666667,37.1553253615275,37.1553253615275,0,80
2016-01-17 15:00:00,100,0,21.7,33.4266666666667,19.9842857142857,32.3271428571429,20.84,35.995,21.2,35.6633333333333,18.1,46.1266666666667,1.79,97.2266666666667,21.276,32.94,21.7736363636364,39.069090909090896,18.39,39.3266666666667,3.1,765.2,59.0,2.0,40.0,-4.3,2.5392960174940526,2.5392960174940526,0,100
2016-01-17 15:10:00,80,0,21.7,33.96,20.08125,33.115,20.89,36.5,21.2,35.59,18.05,46.045,1.79,97.3,21.4670588235294,32.7529411764706,21.84,39.045,18.39,39.26,3.03333333333333,765.1833333333329,59.16666666666671,1.8333333333333297,40.0,-4.3,49.01823904365301,49.01823904365301,0,80
2016-01-17 15:20:00,80,0,21.7,34.245,20.1461538461538,33.6038461538462,20.963333333333296,36.433333333333294,21.2,35.56,18.088888888888896,46.05,1.79,97.3,21.588888888888896,32.38,21.9664285714286,39.1642857142857,18.39,39.2,2.9666666666666694,765.1666666666669,59.33333333333329,1.66666666666667,40.0,-4.3,10.891122627072036,10.891122627072036,0,80
2016-01-17 15:30:00,70,0,21.7,34.5666666666667,20.2,33.976,21.0,36.4,21.2,35.5,18.066666666666695,46.06,1.73,97.3,21.6416666666667,32.1175,22.125,39.29,18.39,39.1266666666667,2.9,765.15,59.5,1.5,40.0,-4.3,1.8098001019097865,1.8098001019097865,0,70
2016-01-17 15:40:00,80,0,21.7,34.8333333333333,20.29,34.5133333333333,21.0,36.4,21.2,35.53,18.0916666666667,46.0825,1.66666666666667,97.26333333333329,21.7,31.8928571428571,22.2933333333333,39.43,18.39,39.33333333333329,2.8333333333333295,765.1333333333331,59.66666666666671,1.33333333333333,40.0,-4.3,13.035193271934986,13.035193271934986,0,80
2016-01-17 15:50:00,80,0,21.7,35.0666666666667,20.3185714285714,34.7257142857143,21.1,36.59,21.2,35.53,18.1,46.145,1.6,97.19,21.757272727272696,31.5063636363636,22.445,39.53,18.39,39.83,2.7666666666666706,765.116666666667,59.83333333333329,1.16666666666667,40.0,-4.3,36.02078929543495,36.02078929543495,0,80
2016-01-17 16:00:00,90,0,21.76,35.26,20.39,34.9111111111111,21.1,36.6633333333333,21.2,35.545,18.1,46.2,1.46333333333333,97.1266666666667,21.79,31.235,22.525,39.515,18.39,40.363333333333294,2.7,765.1,60.0,1.0,40.0,-4.3,12.394709058571607,12.394709058571607,0,90
2016-01-17 16:10:00,80,0,21.73,35.4333333333333,20.39,35.0,21.1333333333333,36.8266666666667,21.1,35.59,18.1,46.2,1.32333333333333,97.0,21.79,31.0444444444444,22.658333333333296,39.5,18.5,41.19333333333329,2.38333333333333,765.0666666666668,62.16666666666671,1.16666666666667,40.0,-4.18333333333333,11.745789577253163,11.745789577253163,0,80
2016-01-17 16:20:00,80,0,21.79,35.56,20.434,35.116,21.2,36.9,21.1,35.6633333333333,18.05,46.145,1.2,96.8333333333333,21.79,30.79,22.7,39.475,18.5,41.4666666666667,2.06666666666667,765.033333333333,64.3333333333333,1.33333333333333,40.0,-4.06666666666667,1.0505921440199015,1.0505921440199015,0,80
2016-01-17 16:30:00,80,0,21.7,35.6266666666667,20.39,35.3266666666667,21.1,36.933333333333294,21.066666666666695,35.79,18.0,46.09,1.2,96.9,21.79,30.736,22.76,39.4,18.2233333333333,37.8966666666667,1.75,765.0,66.5,1.5,40.0,-3.95,13.231031387113035,13.231031387113035,0,80
2016-01-17 16:40:00,80,0,21.7,35.7,20.365,35.675,21.1,37.0,21.0,35.79,18.0,46.09,0.733333333333333,96.29666666666668,21.79,30.825,22.76,39.1,17.89,36.43,1.43333333333333,764.966666666667,68.6666666666667,1.66666666666667,40.0,-3.8333333333333295,34.59008097415789,34.59008097415789,0,80
2016-01-17 16:50:00,80,10,21.7,35.59,20.3566666666667,35.9,21.066666666666695,37.06,20.89,35.8266666666667,18.0,46.09,0.325,95.82,21.73,30.89,22.566666666666695,37.7666666666667,18.0,36.8,1.11666666666667,764.9333333333329,70.8333333333333,1.8333333333333297,40.0,-3.7166666666666694,1.733469555620104,1.733469555620104,0,80
2016-01-17 17:00:00,90,10,21.7,35.59,20.29,35.975,21.0,37.06,20.89,36.1,18.0,46.09,-0.0333333333333332,95.3966666666667,21.675,30.9725,22.5,37.2225,18.1,37.03,0.8,764.9,73.0,2.0,40.0,-3.6,3.139306476805359,3.139306476805359,0,90
2016-01-17 17:10:00,130,10,21.6,35.73,20.23,35.7966666666667,20.963333333333296,37.2,20.89,36.463333333333296,18.0,46.0064285714286,-0.2666666666666669,95.23,21.5214285714286,30.945,22.4511111111111,37.4755555555556,18.1,37.1633333333333,0.533333333333333,764.8833333333331,74.6666666666667,2.0,40.0,-3.56666666666667,19.885304593481123,19.885304593481123,0,130
2016-01-17 17:20:00,380,20,21.6,35.79,20.15,35.825,20.89,37.26,20.89,36.6633333333333,18.0,46.0,-0.5333333333333329,94.96333333333328,21.5,31.033333333333296,22.434,37.79,18.1,37.2,0.266666666666667,764.866666666667,76.3333333333333,2.0,40.0,-3.53333333333333,24.501421244349327,24.501421244349327,0,380
2016-01-17 17:30:00,800,10,21.5,36.76,20.1,36.07727272727271,20.79,37.26,21.0,36.8266666666667,18.03,46.027,-0.833333333333333,94.9266666666667,21.412,31.1,22.5,38.858,18.1,37.26,0.0,764.85,78.0,2.0,40.0,-3.5,31.55243737855926,31.55243737855926,0,800
2016-01-17 17:40:00,790,10,21.566666666666695,38.6266666666667,20.1,37.0409090909091,20.79,37.26,21.066666666666695,36.9666666666667,18.0,46.1175,-1.03333333333333,95.26,21.365,31.2475,22.5,39.45,18.1,37.29,-0.266666666666667,764.8333333333329,79.6666666666667,2.0,40.0,-3.4666666666666694,36.170215613674365,36.170215613674365,0,790
2016-01-17 17:50:00,540,20,21.6333333333333,42.0666666666667,20.1,38.154,20.7,37.4933333333333,21.733333333333295,36.9666666666667,18.0,46.32,-1.42666666666667,94.2266666666667,21.23,31.39,22.55,39.9616666666667,18.1,37.23,-0.533333333333333,764.8166666666668,81.3333333333333,2.0,40.0,-3.43333333333333,3.8382896222174168,3.8382896222174168,0,540
2016-01-17 18:00:00,120,20,21.7,45.0666666666667,20.066666666666695,40.56,20.7,38.1,22.26,37.2333333333333,18.0,46.9388888888889,-1.9,92.43333333333328,21.183333333333305,31.566666666666695,22.55,40.293333333333294,18.1,37.2,-0.8,764.7999999999998,83.0,2.0,40.0,-3.4,21.072304027620703,21.072304027620703,0,120
2016-01-17 18:10:00,110,20,21.79,45.5266666666667,20.075,41.15625,20.7,38.495,22.39,37.3266666666667,18.0,47.454285714285696,-2.23,91.8966666666667,21.1333333333333,31.6666666666667,22.5916666666667,40.55666666666671,18.1,37.2,-0.8333333333333329,764.7999999999998,82.3333333333333,2.0,40.0,-3.55,48.686334292870015,48.686334292870015,0,110
2016-01-17 18:20:00,160,30,21.8566666666667,43.5266666666667,20.1,40.6925,20.73,38.89,22.323333333333295,37.4666666666667,18.2983333333333,58.963333333333296,-2.43,91.69,21.0555555555556,31.78,22.6,40.99,18.2,38.69333333333329,-0.866666666666667,764.7999999999998,81.6666666666667,2.0,40.0,-3.7,40.6902891700156,40.6902891700156,0,160
2016-01-17 18:30:00,140,20,21.9266666666667,41.86,20.1,40.3,20.79,39.09,22.1666666666667,37.4666666666667,18.663333333333295,65.7333333333333,-2.5666666666666695,91.99,21.0,31.84,22.7,41.433333333333294,18.1333333333333,38.9666666666667,-0.9,764.7999999999998,81.0,2.0,40.0,-3.85,11.188386147841811,11.188386147841811,0,140
2016-01-17 18:40:00,550,20,22.025,41.075,20.1666666666667,40.69333333333329,20.823333333333295,39.1266666666667,22.033333333333296,37.3266666666667,18.73,56.1333333333333,-2.8333333333333295,91.2566666666667,21.0,32.0666666666667,22.7,41.6,18.1,38.9666666666667,-0.933333333333333,764.7999999999998,80.3333333333333,2.0,40.0,-4.0,24.48711529141292,24.48711529141292,0,550
2016-01-17 18:50:00,530,10,22.1,40.7666666666667,20.29,40.7175,20.89,39.2,21.8566666666667,37.06,18.79,52.3425,-3.03,90.8333333333333,20.9266666666667,32.26,22.65,41.613333333333294,18.1,38.8266666666667,-0.966666666666667,764.7999999999998,79.6666666666667,2.0,40.0,-4.15,0.5670096492394804,0.5670096492394804,0,530
2016-01-17 19:00:00,100,0,22.23,46.26,20.31,40.72,20.89,39.4933333333333,21.79,37.0,18.9385714285714,51.4271428571429,-3.16333333333333,90.76,20.89,32.378,22.5777777777778,41.3311111111111,18.0,38.56,-1.0,764.7999999999998,79.0,2.0,40.0,-4.3,12.930114846676588,12.930114846676588,0,100
2016-01-17 19:10:00,100,10,22.29,47.7333333333333,20.39,41.7777777777778,20.963333333333296,40.3,21.65,36.9,19.1,51.4785714285714,-3.32666666666667,90.83,20.86,32.236,22.444375,40.6,18.0,38.5,-1.03333333333333,764.7999999999998,78.0,2.0,40.0,-4.48333333333333,22.72993859369308,22.72993859369308,0,100
2016-01-17 19:20:00,90,10,22.3566666666667,45.63,20.4541666666667,42.3416666666667,21.0,40.73,21.566666666666695,36.9666666666667,19.1994444444444,50.52,-3.475,90.6225,20.74,31.7622222222222,22.39,40.4076923076923,17.9633333333333,38.43,-1.06666666666667,764.7999999999998,77.0,2.0,40.0,-4.66666666666667,37.04883441096172,37.04883441096172,0,90
2016-01-17 19:30:00,90,10,22.29,44.63,20.51875,42.48125,21.0,40.79,21.5,36.9,19.26,49.3683333333333,-3.56,90.8666666666667,20.7,31.456875,22.3566666666667,40.5,17.89,38.23,-1.1,764.7999999999998,76.0,2.0,40.0,-4.85,49.533000588417046,49.533000588417046,0,90
2016-01-17 19:40:00,100,10,22.29,43.26333333333329,20.60625,42.16375,20.963333333333296,40.76,21.3566666666667,36.79,19.3066666666667,48.4044444444444,-3.59,91.1,20.61875,31.160625,22.34625,40.545,17.9633333333333,37.9666666666667,-1.13333333333333,764.7999999999998,75.0,2.0,40.0,-5.03333333333333,16.6102473041974,16.6102473041974,0,100
2016-01-17 19:50:00,130,10,22.29,42.4566666666667,20.6666666666667,41.6788888888889,20.89,40.645,21.29,36.863333333333294,19.39,47.5277777777778,-3.59,91.3666666666667,20.561111111111096,31.05,22.365,40.5,17.8233333333333,37.7666666666667,-1.16666666666667,764.7999999999998,74.0,2.0,40.0,-5.21666666666667,47.23957027308642,47.23957027308642,0,130
2016-01-17 20:00:00,110,10,22.39,41.6233333333333,20.7064285714286,41.1071428571429,20.89,40.5675,21.2,36.9,19.424375,46.809375,-3.53,91.66333333333328,20.5,31.2678571428571,22.39,40.30125,17.89,37.645,-1.2,764.7999999999998,73.0,2.0,40.0,-5.4,48.09267099481076,48.09267099481076,0,110
2016-01-17 20:10:00,120,20,22.39,42.09666666666671,20.7736363636364,40.7,20.89,40.5,21.2,36.9666666666667,19.5,46.956,-3.645,91.095,20.5,31.467,22.39,40.05714285714289,17.79,37.4666666666667,-1.25,764.75,74.1666666666667,2.16666666666667,37.66666666666669,-5.26666666666667,44.96387498220429,44.96387498220429,0,120
2016-01-17 20:20:00,100,30,22.5,43.293333333333294,20.7818181818182,40.05,20.9266666666667,40.6266666666667,21.2,37.29,20.43,80.28,-3.545,91.8725,20.5,31.445,22.39,39.9,17.79,37.345,-1.3,764.7,75.3333333333333,2.3333333333333295,35.3333333333333,-5.133333333333329,24.63579175528139,24.63579175528139,0,100
2016-01-17 20:30:00,110,20,22.4266666666667,41.83333333333329,20.79,39.4,21.0,40.5666666666667,21.2,37.43,20.456666666666695,81.46666666666668,-3.57722222222222,91.435,20.39,31.15,22.323333333333295,39.5666666666667,17.89,38.23,-1.35,764.65,76.5,2.5,33.0,-5.0,39.24677389441057,39.24677389441057,0,110
2016-01-17 20:40:00,100,20,22.4266666666667,40.393333333333295,20.89,39.33333333333329,21.0,40.4666666666667,21.1666666666667,37.6566666666667,20.7,89.7,-3.68444444444444,90.46444444444448,20.4266666666667,33.2266666666667,22.254,39.17,17.89,38.29,-1.4,764.6,77.6666666666667,2.66666666666667,30.666666666666696,-4.86666666666667,40.155952353961766,40.155952353961766,0,100
2016-01-17 20:50:00,120,20,22.4266666666667,39.6,20.89,39.2,21.0,40.3266666666667,21.1666666666667,37.73,20.6266666666667,86.95999999999998,-3.81444444444444,90.08111111111107,20.566666666666695,34.5,22.1,39.53,17.89,38.1333333333333,-1.45,764.5499999999998,78.8333333333333,2.8333333333333295,28.3333333333333,-4.73333333333333,33.88838118407875,33.88838118407875,0,120
2016-01-17 21:00:00,250,30,22.5,39.29,20.89,39.433333333333294,20.89,40.26,21.2,37.33333333333329,20.1,76.62333333333329,-3.76,90.8255555555556,20.7,34.79,22.1,39.723333333333294,17.89,37.86,-1.5,764.5,80.0,3.0,26.0,-4.6,29.06387893017381,29.06387893017381,0,250
2016-01-17 21:10:00,110,10,22.5,39.23,20.9175,39.475,20.89,40.2,21.1333333333333,37.1266666666667,20.5,72.62333333333329,-3.8216666666666694,90.1361111111111,20.7,34.53,22.1666666666667,39.76,17.79,37.5266666666667,-1.56666666666667,764.483333333333,80.3333333333333,2.8333333333333295,26.3333333333333,-4.6,16.53340436751023,16.53340436751023,0,110
2016-01-17 21:20:00,110,0,22.5,39.0266666666667,21.0,39.3266666666667,20.89,40.2,21.1,37.1633333333333,20.7733333333333,69.4655555555556,-4.01444444444444,89.4194444444445,20.6,34.09,22.1,39.7,17.79,37.3266666666667,-1.63333333333333,764.466666666667,80.6666666666667,2.66666666666667,26.666666666666696,-4.6,0.0657328288070857,0.0657328288070857,0,110
2016-01-17 21:30:00,150,10,22.5,38.8266666666667,21.0,39.1633333333333,21.0,40.06,21.1,36.963333333333296,21.0127272727273,80.40545454545449,-4.065,89.41333333333331,20.5571428571429,34.1685714285714,22.1,39.56,17.79,37.06,-1.7,764.45,81.0,2.5,27.0,-4.6,3.2900982070714235,3.2900982070714235,0,150
2016-01-17 21:40:00,110,20,22.5,38.73,21.0,39.03,21.0,40.0,21.0,36.7266666666667,21.44,88.132,-4.15722222222222,89.105,20.575,34.2,22.08,39.296,17.79,36.86,-1.76666666666667,764.4333333333329,81.3333333333333,2.3333333333333295,27.3333333333333,-4.6,4.297595866955817,4.297595866955817,0,110
2016-01-17 21:50:00,50,10,22.5,38.73,21.0,38.9,20.963333333333296,39.9,21.0,37.1333333333333,21.045,87.545,-4.298888888888889,88.5505555555555,20.5,34.2,22.0,38.95,17.7,36.6633333333333,-1.8333333333333297,764.4166666666669,81.6666666666667,2.16666666666667,27.666666666666696,-4.6,0.6554858409799635,0.6554858409799635,0,50
2016-01-17 22:00:00,40,10,22.445,38.4,20.9266666666667,38.9666666666667,20.823333333333295,39.9,21.066666666666695,38.09666666666671,20.6,83.78,-4.41666666666667,88.2205555555555,20.5,34.6925,21.9266666666667,39.5666666666667,17.7,36.6633333333333,-1.9,764.4,82.0,2.0,28.0,-4.6,16.787281213328242,16.787281213328242,0,40
2016-01-17 22:10:00,50,10,22.39,38.73,20.89,39.09,20.76,39.863333333333294,21.066666666666695,38.5633333333333,20.463333333333296,81.56333333333329,-4.42222222222222,88.62555555555558,20.5,35.1333333333333,22.0,40.16,17.76,36.933333333333294,-1.9666666666666697,764.35,82.1666666666667,2.0,28.166666666666696,-4.65,5.963215825613588,5.963215825613588,0,50
2016-01-17 22:20:00,50,10,22.323333333333295,38.863333333333294,20.89,39.1633333333333,20.6333333333333,39.79,21.1,38.963333333333296,20.34,80.045,-4.33277777777778,89.58777777777779,20.5,35.36,21.9816666666667,40.948333333333295,17.7,37.06,-2.03333333333333,764.2999999999998,82.3333333333333,2.0,28.3333333333333,-4.7,29.6797722694464,29.6797722694464,0,50
2016-01-17 22:30:00,70,10,22.29,39.1566666666667,20.79,39.23,20.6,39.79,21.1,39.2675,20.1666666666667,77.8933333333333,-4.2144444444444495,89.96833333333329,20.5,35.56,21.89,41.46,17.7,37.36,-2.1,764.25,82.5,2.0,28.5,-4.75,1.8656337866559625,1.8656337866559625,0,70
2016-01-17 22:40:00,60,20,22.29,39.29,20.79,39.363333333333294,20.533333333333296,39.863333333333294,21.1,39.4666666666667,20.05,76.79999999999998,-4.29944444444444,89.6266666666667,20.4725,35.9,21.89,41.9475,17.7,37.56,-2.16666666666667,764.2,82.6666666666667,2.0,28.666666666666696,-4.8,0.4785895929671823,0.4785895929671823,0,60
2016-01-17 22:50:00,60,10,22.2,39.5666666666667,20.7,39.433333333333294,20.5,39.79,21.1333333333333,39.53,19.963333333333296,75.1966666666667,-4.41666666666667,88.65055555555558,20.39,35.9666666666667,21.84,42.145,17.7,37.73,-2.2333333333333294,764.15,82.8333333333333,2.0,28.8333333333333,-4.85,8.079806296154857,8.079806296154857,0,60
2016-01-17 23:00:00,70,10,22.2,39.7,20.7,39.56,20.5,39.79,21.1333333333333,39.59,19.89,74.14,-4.5,88.54555555555558,20.39,36.03,21.79,42.4475,17.7,37.79,-2.3,764.1,83.0,2.0,29.0,-4.9,41.5949494112283,41.5949494112283,0,70
2016-01-17 23:10:00,50,10,22.1,39.8266666666667,20.566666666666695,39.59,20.463333333333296,39.76,21.2,39.7,19.7675,72.5175,-4.565,88.56833333333331,20.39,36.156,21.79,42.696,17.7,37.95,-2.38333333333333,764.033333333333,83.5,2.0,28.3333333333333,-4.9,38.342137716244906,38.342137716244906,0,50
2016-01-17 23:20:00,70,10,22.1,39.9,20.5,39.6633333333333,20.39,39.7,21.2,39.7,19.7,71.5333333333333,-4.6288888888888895,88.0644444444444,20.29,36.2,21.79,42.863333333333294,17.6666666666667,38.09,-2.4666666666666694,763.966666666667,84.0,2.0,27.666666666666696,-4.9,13.639015820808709,13.639015820808709,0,70
2016-01-17 23:30:00,60,10,22.0,39.9,20.39,39.73,20.39,39.7,21.1333333333333,39.79,19.6666666666667,70.36,-4.7144444444444495,88.28888888888889,20.29,36.26,21.7,43.2266666666667,17.6666666666667,38.223333333333294,-2.55,763.9,84.5,2.0,27.0,-4.9,9.408164944034068,9.408164944034068,0,60
2016-01-17 23:40:00,70,20,21.9266666666667,39.9,20.39,39.863333333333294,20.39,39.76,21.1333333333333,39.79,19.6,69.4266666666667,-4.60666666666667,88.94222222222221,20.29,36.5,21.7,43.6333333333333,17.6,38.2666666666667,-2.63333333333333,763.8333333333329,85.0,2.0,26.3333333333333,-4.9,11.288091738242656,11.288091738242656,0,70
2016-01-17 23:50:00,60,10,21.89,39.9,20.29,40.0,20.39,39.79,21.1,39.79,19.575,68.5925,-4.61777777777778,88.6533333333333,20.2675,36.5,21.7,43.975,17.6,38.4,-2.7166666666666694,763.766666666667,85.5,2.0,25.666666666666696,-4.9,3.098518378101289,3.098518378101289,0,60
2016-01-18 00:00:00,60,10,21.823333333333295,39.9,20.23,40.0,20.323333333333295,39.79,21.1666666666667,39.863333333333294,19.5,67.8933333333333,-4.65111111111111,88.81333333333329,20.26,36.69333333333329,21.7,44.4,17.6,38.4,-2.8,763.7,86.0,2.0,25.0,-4.9,2.9950120486319065,2.9950120486319065,0,60
2016-01-18 00:10:00,50,10,21.79,39.933333333333294,20.1666666666667,40.09,20.39,39.79,21.1,39.8266666666667,19.39,67.0233333333333,-4.60111111111111,88.77388888888889,20.29,37.03,21.7,44.845,17.6666666666667,38.4666666666667,-2.88333333333333,763.5833333333329,86.0,2.0,25.5,-4.98333333333333,7.407793519087134,7.407793519087134,0,50
2016-01-18 00:20:00,40,10,21.73,40.0,20.075,40.0675,20.323333333333295,39.79,21.1,39.9,19.39,66.4966666666667,-4.56611111111111,89.05388888888889,20.23,37.09,21.7,45.3,17.6,38.4,-2.9666666666666694,763.466666666667,86.0,2.0,26.0,-5.06666666666667,3.649394295644015,3.649394295644015,0,40
2016-01-18 00:30:00,30,20,21.6666666666667,40.0,20.0,40.0,20.29,39.7,21.1,39.933333333333294,19.29,65.8966666666667,-4.48333333333333,89.31833333333331,20.26,37.26,21.7,45.56,17.6,38.4666666666667,-3.05,763.35,86.0,2.0,26.5,-5.15,2.1442945930175483,2.1442945930175483,0,30
2016-01-18 00:40:00,40,0,21.6,40.19333333333329,19.945,40.0,20.26,39.76,21.1,40.0,19.29,65.4966666666667,-4.535,88.6227777777778,20.2,37.2,21.6,45.4666666666667,17.6,38.59,-3.13333333333333,763.233333333333,86.0,2.0,27.0,-5.23333333333333,26.12306361552328,26.12306361552328,0,40
2016-01-18 00:50:00,50,0,21.566666666666695,40.5,19.89,40.03,20.2,39.7,21.066666666666695,40.0266666666667,19.26,64.8966666666667,-4.678888888888889,87.9266666666667,20.29,37.3266666666667,21.533333333333296,45.3266666666667,17.6,38.6633333333333,-3.2166666666666694,763.116666666667,86.0,2.0,27.5,-5.31666666666667,39.46157447062433,39.46157447062433,0,50
2016-01-18 01:00:00,50,0,21.5,40.69333333333329,19.89,40.09,20.2,39.7,21.0,39.69333333333329,19.2,64.4966666666667,-4.73277777777778,87.9611111111111,20.23,37.3266666666667,21.5,45.3266666666667,17.6,38.8266666666667,-3.3,763.0,86.0,2.0,28.0,-5.4,34.73766740644351,34.73766740644351,0,50
2016-01-18 01:10:00,40,0,21.463333333333296,40.9,19.76,40.09,20.2,39.76,20.963333333333296,39.4,19.1666666666667,64.0933333333333,-4.75722222222222,88.0411111111111,20.2,37.29,21.478,45.48,17.6,38.9666666666667,-3.41666666666667,762.9166666666669,86.5,2.0,27.166666666666696,-5.41666666666667,3.3288023667410016,3.3288023667410016,0,40
2016-01-18 01:20:00,50,10,21.39,40.9,19.7,40.1633333333333,20.2,39.7,20.89,39.3266666666667,19.1,63.7416666666667,-4.81055555555556,87.6727777777778,20.2,37.29,21.39,45.56,17.6666666666667,39.2,-3.53333333333333,762.8333333333329,87.0,2.0,26.3333333333333,-5.43333333333333,0.8978873258456587,0.8978873258456587,0,50
2016-01-18 01:30:00,40,0,21.323333333333295,40.8266666666667,19.6666666666667,40.06,20.2,39.7,20.79,39.1633333333333,19.066666666666695,63.43,-4.92222222222222,87.325,20.2,37.29,21.3566666666667,45.8266666666667,17.6,39.2,-3.65,762.75,87.5,2.0,25.5,-5.45,22.10792116820812,22.10792116820812,0,40
2016-01-18 01:40:00,40,0,21.26,40.76,19.6,40.0,20.2,39.7,20.7225,39.09,19.0,63.1566666666667,-4.87777777777778,87.8044444444444,20.1333333333333,37.29,21.29,46.1,17.6,39.3266666666667,-3.7666666666666706,762.6666666666669,88.0,2.0,24.666666666666696,-5.46666666666667,7.880104158539327,7.880104158539327,0,40
2016-01-18 01:50:00,40,0,21.2,40.7,19.6,40.0,20.2,39.76,20.6333333333333,39.03,19.0,62.93,-4.95,87.3294444444444,20.1,37.433333333333294,21.29,46.36,17.6,39.4666666666667,-3.8833333333333298,762.5833333333329,88.5,2.0,23.8333333333333,-5.48333333333333,35.943005792796605,35.943005792796605,0,40
2016-01-18 02:00:00,60,0,21.1666666666667,40.7,19.533333333333296,40.0,20.2,39.7,20.6,38.9666666666667,19.0,62.73,-5.055,86.9644444444445,20.1,37.5,21.29,46.6333333333333,17.6,39.59,-4.0,762.5,89.0,2.0,23.0,-5.5,35.197091626469046,35.197091626469046,0,60
2016-01-18 02:10:00,50,0,21.1,40.7,19.5,40.03,20.2,39.76,20.533333333333296,38.9,18.89,62.5266666666667,-5.1233333333333295,87.2666666666667,20.1,37.53,21.2,46.59,17.6,39.6633333333333,-4.0,762.4,88.6666666666667,2.0,23.3333333333333,-5.56666666666667,44.26131524378434,44.26131524378434,0,50
2016-01-18 02:20:00,50,0,21.0,40.59,19.4266666666667,40.03,20.2,39.9666666666667,20.463333333333296,38.6333333333333,18.89,62.3266666666667,-5.09111111111111,87.7433333333333,20.1,37.59,21.2,46.723333333333294,17.6,39.745,-4.0,762.2999999999998,88.3333333333333,2.0,23.666666666666696,-5.633333333333329,16.263050760608166,16.263050760608166,0,50
2016-01-18 02:30:00,40,0,21.0,40.59,19.39,40.1266666666667,20.26,40.0266666666667,20.39,38.56,18.8566666666667,62.1333333333333,-5.09111111111111,87.65,20.1,37.59,21.2,46.933333333333294,17.6,39.933333333333294,-4.0,762.2,88.0,2.0,24.0,-5.7,48.54407833190634,48.54407833190634,0,40
2016-01-18 02:40:00,40,0,20.963333333333296,40.6633333333333,19.39,40.2,20.29,40.09,20.3566666666667,38.4666666666667,18.79,61.86,-5.1288888888888895,87.5644444444444,20.1,37.59,21.2,47.06,17.6666666666667,40.1333333333333,-4.0,762.1,87.6666666666667,2.0,24.3333333333333,-5.76666666666667,49.24101331271231,49.24101331271231,0,40
2016-01-18 02:50:00,20,0,20.89,40.6633333333333,19.29,40.23,20.29,40.09,20.29,38.4,18.79,61.6633333333333,-5.15666666666667,87.32833333333329,20.0,37.7,21.2,47.1566666666667,17.6,40.1266666666667,-4.0,762.0,87.3333333333333,2.0,24.666666666666696,-5.8333333333333295,1.959235884714872,1.959235884714872,0,20
2016-01-18 03:00:00,30,0,20.89,40.59,19.23,40.23,20.29,40.09,20.26,38.43,18.73,61.53,-5.19,87.6361111111111,20.05,37.65,21.1333333333333,47.29,17.6,40.2,-4.0,761.9,87.0,2.0,25.0,-5.9,44.67856440460309,44.67856440460309,0,30
2016-01-18 03:10:00,20,0,20.89,40.59,19.2,40.29,20.29,40.09,20.2,38.29,18.76,61.363333333333294,-5.19,87.6577777777778,20.0,37.5,21.1,47.4,17.6333333333333,40.3266666666667,-4.0,761.8166666666668,86.8333333333333,2.16666666666667,25.3333333333333,-5.93333333333333,41.119957563932985,41.119957563932985,0,20
2016-01-18 03:20:00,50,0,20.79,40.59,19.2,40.363333333333294,20.26,40.09,20.2,38.29,18.7,61.29,-5.25722222222222,87.1816666666667,20.0,37.4,21.1,47.4,17.6333333333333,40.4,-4.0,761.733333333333,86.6666666666667,2.3333333333333295,25.666666666666696,-5.96666666666667,36.21223464142531,36.21223464142531,0,50
2016-01-18 03:30:00,60,0,20.79,40.59,19.1666666666667,40.4,20.2,40.09,20.2,38.23,18.7,61.1633333333333,-5.33809523809524,87.1123809523809,20.0,37.4,21.0,47.4,17.6,40.433333333333294,-4.0,761.65,86.5,2.5,26.0,-6.0,14.44600688992068,14.44600688992068,0,60
2016-01-18 03:40:00,40,0,20.76,40.53,19.1,40.4,20.245,40.245,20.1,38.09,18.6333333333333,60.963333333333296,-5.34285714285714,86.99047619047619,19.89,37.4,21.0,47.5666666666667,17.6,40.5,-4.0,761.5666666666668,86.3333333333333,2.66666666666667,26.3333333333333,-6.03333333333333,25.097430229652677,25.097430229652677,0,40
2016-01-18 03:50:00,50,0,20.7,40.59,19.1,40.4666666666667,20.23,40.23,20.1,38.1633333333333,18.6,60.83333333333329,-5.41666666666667,86.575,19.89,37.475,21.0,47.76,17.6,40.6266666666667,-4.0,761.483333333333,86.1666666666667,2.8333333333333295,26.666666666666696,-6.06666666666667,21.417350065894425,21.417350065894425,0,50
2016-01-18 04:00:00,40,0,20.7,40.59,19.0,40.4,20.23,40.23,20.066666666666695,38.06,18.6,60.7,-5.51,85.9883333333333,19.89,37.6266666666667,20.963333333333296,47.6633333333333,17.6,40.76,-4.0,761.4,86.0,3.0,27.0,-6.1,30.500800802838057,30.500800802838057,0,40
2016-01-18 04:10:00,40,0,20.6333333333333,40.53,19.0,40.4,20.26,40.29,20.0,38.0,18.6,60.56,-5.51,86.20999999999998,19.89,37.6266666666667,20.89,47.59,17.6,40.933333333333294,-4.0,761.2999999999998,85.6666666666667,3.0,27.0,-6.133333333333329,46.30565870320424,46.30565870320424,0,40
2016-01-18 04:20:00,50,0,20.6,40.53,18.963333333333296,40.4,20.26,40.363333333333294,19.89,38.0,18.533333333333296,60.433333333333294,-5.5,86.4555555555556,19.89,37.73,20.89,47.56,17.6,41.0,-4.0,761.2,85.3333333333333,3.0,27.0,-6.16666666666667,12.00616288697347,12.00616288697347,0,50
2016-01-18 04:30:00,50,0,20.575,40.59,18.89,40.4,20.29,40.4,19.89,38.0,18.5,60.4,-5.48333333333333,86.3644444444444,19.89,37.79,20.89,47.5,17.6,41.1266666666667,-4.0,761.1,85.0,3.0,27.0,-6.2,13.594091695267709,13.594091695267709,0,50
2016-01-18 04:40:00,40,0,20.5,40.59,18.89,40.4,20.29,40.4666666666667,19.89,38.0,18.5,60.26,-5.4,86.7666666666667,19.89,37.86,20.89,47.4,17.6,41.26,-4.0,761.0,84.6666666666667,3.0,27.0,-6.23333333333333,36.75018232315779,36.75018232315779,0,40
2016-01-18 04:50:00,50,0,20.5,40.6266666666667,18.89,40.4,20.29,40.5,19.865,37.925,18.5,60.1266666666667,-5.44444444444444,86.5055555555556,19.823333333333295,38.0,20.89,47.3266666666667,17.6,41.4,-4.0,760.9,84.3333333333333,3.0,27.0,-6.26666666666667,37.57729365024716,37.57729365024716,0,50
2016-01-18 05:00:00,40,0,20.4266666666667,40.5666666666667,18.79,40.29,20.29,40.5,19.79,37.9,18.39,59.9,-5.47222222222222,86.34166666666668,19.79,38.0,20.89,47.3175,17.6,41.4666666666667,-4.0,760.7999999999998,84.0,3.0,27.0,-6.3,46.52959604281932,46.52959604281932,0,40
2016-01-18 05:10:00,50,0,20.39,40.59,18.79,40.363333333333294,20.29,40.53,19.79,37.863333333333294,18.39,59.9,-5.53,85.83944444444438,19.79,37.95,20.89,47.4,17.6,41.59,-4.0833333333333295,760.716666666667,84.5,3.0,26.166666666666696,-6.31666666666667,23.13651373842731,23.13651373842731,0,50
2016-01-18 05:20:00,30,0,20.39,40.6633333333333,18.7,40.3266666666667,20.29,40.59,19.79,37.79,18.39,59.79,-5.53,86.29999999999998,19.79,37.933333333333294,20.79,47.2,17.6,41.59,-4.16666666666667,760.6333333333331,85.0,3.0,25.3333333333333,-6.3333333333333295,43.034558836370714,43.034558836370714,0,30
2016-01-18 05:30:00,20,0,20.29,40.7,18.7,40.4,20.26,40.59,19.7,37.863333333333294,18.39,59.79,-5.5,86.35555555555558,19.79,38.0,20.79,47.2,17.6,41.59,-4.25,760.5499999999998,85.5,3.0,24.5,-6.35,15.601820976007728,15.601820976007728,0,20
2016-01-18 05:40:00,30,0,20.29,40.7,18.7,40.4,20.26,40.59,19.7,37.863333333333294,18.3566666666667,59.7,-5.525,86.2,19.79,38.0,20.79,47.2,17.6,41.6266666666667,-4.3333333333333295,760.466666666667,86.0,3.0,23.666666666666696,-6.36666666666667,10.401950671803206,10.401950671803206,0,30
2016-01-18 05:50:00,30,0,20.29,40.7,18.6333333333333,40.3266666666667,20.2,40.59,19.7,37.9,18.29,59.6266666666667,-5.535,86.38277777777779,19.79,38.0,20.73,47.2,17.6,41.7,-4.41666666666667,760.3833333333331,86.5,3.0,22.8333333333333,-6.383333333333329,46.041373361367725,46.041373361367725,0,30
2016-01-18 06:00:00,50,0,20.23,40.7,18.6,40.29,20.2,40.59,19.6333333333333,37.9,18.29,59.59,-5.48333333333333,86.77277777777779,19.7,38.03,20.7,47.09,17.6,41.7,-4.5,760.2999999999998,87.0,3.0,22.0,-6.4,2.636844210792333,2.636844210792333,0,50
2016-01-18 06:10:00,80,0,20.2,40.7666666666667,18.6,40.29,20.2,40.59,19.6,37.9,18.29,59.59,-5.42777777777778,87.055,19.7225,38.045,20.7,47.09,17.6,41.76,-4.55,760.25,87.1666666666667,2.8333333333333295,22.0,-6.41666666666667,20.557771553285416,20.557771553285416,0,80
2016-01-18 06:20:00,40,0,20.2,41.0266666666667,18.566666666666695,40.433333333333294,20.2,40.6633333333333,19.6,37.9,18.29,59.5,-5.383333333333329,86.8833333333333,19.73,38.09,20.7,47.09,17.6,41.863333333333294,-4.6,760.2,87.3333333333333,2.66666666666667,22.0,-6.43333333333333,22.81706075882539,22.81706075882539,0,40
2016-01-18 06:30:00,50,10,20.2,41.2666666666667,18.566666666666695,40.6333333333333,20.1,40.7,19.566666666666695,37.9,18.29,59.5,-5.4,86.77555555555558,19.7,38.09,20.7,47.09,17.6,41.79,-4.65,760.15,87.5,2.5,22.0,-6.45,20.79301237827167,20.79301237827167,0,50
2016-01-18 06:40:00,40,0,20.2,41.4,18.5,40.86,20.1,40.76,19.5,37.8266666666667,18.2,59.3725,-5.4,86.70999999999998,19.7,38.09,20.6,46.9,17.6,41.76,-4.7,760.1,87.6666666666667,2.3333333333333295,22.0,-6.46666666666667,33.5176725871861,33.5176725871861,0,40
2016-01-18 06:50:00,70,10,20.1333333333333,41.4,18.5,41.0,20.1,40.79,19.5,37.9,18.2,59.29,-5.37222222222222,86.6644444444444,19.6666666666667,38.09,20.6,46.845,17.6,41.7,-4.75,760.0499999999998,87.8333333333333,2.16666666666667,22.0,-6.48333333333333,37.84520400222391,37.84520400222391,0,70
2016-01-18 07:00:00,100,0,20.1333333333333,41.4,18.5,41.1266666666667,20.1,40.73,19.4266666666667,37.9,18.23,59.223333333333294,-5.3333333333333295,87.0366666666667,19.6666666666667,38.4233333333333,20.6,46.9,17.5666666666667,41.6633333333333,-4.8,760.0,88.0,2.0,22.0,-6.5,45.58256572345272,45.58256572345272,0,100
2016-01-18 07:10:00,60,20,20.1,41.36,18.39,41.1266666666667,20.1,40.79,19.463333333333296,38.2666666666667,18.29,58.88,-5.3,86.9222222222222,19.7,38.4655555555556,20.6,47.035,17.5,41.59,-4.75,759.966666666667,87.8333333333333,2.0,21.666666666666696,-6.48333333333333,40.99760429235175,40.99760429235175,0,60
2016-01-18 07:20:00,50,0,20.1,41.56,18.39,41.33333333333329,20.1,40.79,19.39,38.4666666666667,18.29,58.79,-5.3333333333333295,86.5338888888889,19.7,38.2666666666667,20.6,47.03,17.5666666666667,41.43,-4.7,759.9333333333329,87.6666666666667,2.0,21.3333333333333,-6.46666666666667,4.682492627762257,4.682492627762257,0,50
2016-01-18 07:30:00,40,0,20.1,41.59,18.3566666666667,41.463333333333296,20.1,40.73,19.39,38.4666666666667,18.2,58.73,-5.29277777777778,86.70777777777779,19.6,37.93,20.5,46.76,17.5,41.23,-4.65,759.9,87.5,2.0,21.0,-6.45,8.895304065663366,8.895304065663366,0,40
2016-01-18 07:40:00,40,0,20.033333333333296,41.463333333333296,18.29,41.59,20.1,40.79,19.39,38.4,18.2,58.73,-5.16777777777778,86.81833333333331,19.6,37.745,20.5,46.5666666666667,17.5,41.0266666666667,-4.6,759.866666666667,87.3333333333333,2.0,20.666666666666696,-6.43333333333333,32.110729010310024,32.110729010310024,0,40
2016-01-18 07:50:00,40,0,20.05,41.45,18.3566666666667,41.59,20.1,40.79,19.39,38.4,18.15,58.745,-5.19,86.5366666666667,19.575,37.5675,20.4725,46.2175,17.5,40.7666666666667,-4.55,759.8333333333329,87.1666666666667,2.0,20.3333333333333,-6.41666666666667,43.714149692095816,43.714149692095816,0,40
2016-01-18 08:00:00,20,0,20.0,41.4,18.29,41.59,20.1,40.9,19.315,38.4,18.12,58.7,-5.22666666666667,86.67166666666668,19.5,37.45,20.39,45.895,17.5,40.5266666666667,-4.5,759.7999999999998,87.0,2.0,20.0,-6.4,29.6156675205566,29.6156675205566,0,20
2016-01-18 08:10:00,20,0,20.0,41.4,18.29,41.59,20.033333333333296,40.8266666666667,19.29,38.3266666666667,18.1333333333333,58.7,-5.18555555555556,86.99888888888891,19.5,37.2,20.39,45.6333333333333,17.4266666666667,40.2666666666667,-4.43333333333333,759.766666666667,86.8333333333333,2.0,20.3333333333333,-6.35,13.121609610971063,13.121609610971063,0,20
2016-01-18 08:20:00,30,0,20.0,41.4,18.23,41.53,20.0,40.73,19.29,38.363333333333294,18.1,58.59,-5.075,87.53,19.4266666666667,37.0666666666667,20.39,45.433333333333294,17.39,39.9666666666667,-4.36666666666667,759.733333333333,86.6666666666667,2.0,20.666666666666696,-6.3,44.18761320412159,44.18761320412159,0,30
2016-01-18 08:30:00,50,0,19.9266666666667,41.4,18.26,41.56,20.0,40.79,19.29,38.29,18.1,58.53,-4.99333333333333,88.02444444444438,19.39,36.863333333333294,20.29,45.223333333333294,17.39,39.8266666666667,-4.3,759.7,86.5,2.0,21.0,-6.25,9.384467313066127,9.384467313066127,0,50
2016-01-18 08:40:00,50,0,19.89,41.4,18.2,41.56,19.89,40.79,19.2,38.2,18.1,58.5,-4.9,88.33777777777779,19.39,36.73,20.29,45.03,17.39,39.645,-4.23333333333333,759.6666666666669,86.3333333333333,2.0,21.3333333333333,-6.2,24.44334911415353,24.44334911415353,0,50
2016-01-18 08:50:00,40,0,19.89,41.4,18.2,41.59,19.89,40.79,19.2,38.2,18.05,58.395,-4.83277777777778,88.38277777777779,19.39,36.56,20.29,44.863333333333294,17.39,39.4666666666667,-4.16666666666667,759.6333333333331,86.1666666666667,2.0,21.666666666666696,-6.15,0.4910243558697402,0.4910243558697402,0,40
2016-01-18 09:00:00,40,0,19.8566666666667,41.363333333333294,18.2,41.59,19.89,40.79,19.2,38.2,18.0,58.26,-4.72666666666667,88.77388888888889,19.39,36.5,20.29,44.79,17.39,39.4,-4.1,759.6,86.0,2.0,22.0,-6.1,18.021702161058784,18.021702161058784,0,40
2016-01-18 09:10:00,40,0,19.79,41.23,18.2,41.7,19.89,40.79,19.2,38.2,18.0,58.2,-4.61388888888889,88.96666666666668,19.29,36.4666666666667,20.2,44.5,17.39,39.26,-4.0,759.5499999999998,86.1666666666667,1.8333333333333297,22.166666666666696,-5.98333333333333,22.10808454547077,22.10808454547077,0,40
2016-01-18 09:20:00,40,0,19.79,41.2,18.1333333333333,41.7,19.89,40.79,19.1,38.2,18.0,58.1633333333333,-4.45,89.4472222222222,19.29,36.4,20.2,44.36,17.3233333333333,39.1266666666667,-3.9,759.5,86.3333333333333,1.66666666666667,22.3333333333333,-5.86666666666667,6.286461069248617,6.286461069248617,0,40
2016-01-18 09:30:00,50,0,19.79,41.2,18.1,41.73,19.89,40.79,19.1,38.1266666666667,18.0,58.09,-4.26833333333333,89.94499999999998,19.245,36.245,20.1,44.26,17.29,39.06,-3.8,759.45,86.5,1.5,22.5,-5.75,31.21822738321498,31.21822738321498,0,50
2016-01-18 09:40:00,50,0,19.76,41.2,18.1,41.79,19.89,40.79,19.1666666666667,38.0,18.0,58.0,-4.03944444444444,90.40277777777781,19.23,36.1266666666667,20.1,44.1266666666667,17.29,39.0,-3.7,759.4,86.6666666666667,1.33333333333333,22.666666666666696,-5.633333333333329,15.12156658573076,15.12156658573076,0,50
2016-01-18 09:50:00,50,0,19.7,41.2,18.1,41.79,19.823333333333295,40.73,19.1,38.0,17.9266666666667,57.933333333333294,-3.79833333333333,90.85333333333328,19.23,36.0666666666667,20.1,44.0,17.29,38.9,-3.6,759.35,86.8333333333333,1.16666666666667,22.8333333333333,-5.51666666666667,11.981861409731208,11.981861409731208,0,50
2016-01-18 10:00:00,40,0,19.7,41.1633333333333,18.1,41.79,19.84,40.745,19.1,37.9666666666667,17.89,57.9,-3.60166666666667,91.28944444444441,19.2,36.0,20.033333333333296,43.933333333333294,17.29,38.8266666666667,-3.5,759.2999999999998,87.0,1.0,23.0,-5.4,17.93148817960173,17.93148817960173,0,40
2016-01-18 10:10:00,40,0,19.7,41.1633333333333,18.1,41.79,19.89,40.79,19.1,37.9666666666667,17.89,57.8266666666667,-3.36888888888889,91.7527777777778,19.2,35.9333333333333,20.05,43.895,17.29,38.76,-3.28333333333333,759.233333333333,85.8333333333333,1.33333333333333,25.8333333333333,-5.383333333333329,44.64552062563598,44.64552062563598,0,40
2016-01-18 10:20:00,20,0,19.7,41.2,18.1,41.79,19.89,40.79,19.1,37.9,17.89,57.7675,-3.14,92.20166666666668,19.2,35.8633333333333,20.0,43.6633333333333,17.29,38.6266666666667,-3.06666666666667,759.1666666666669,84.6666666666667,1.66666666666667,28.666666666666696,-5.36666666666667,49.531363253481686,49.531363253481686,0,20
2016-01-18 10:30:00,20,0,19.7,41.2,18.1,41.79,19.79,40.6633333333333,19.1,37.9,17.89,57.7,-2.86277777777778,92.65444444444448,19.2,35.79,20.0,43.53,17.29,38.59,-2.85,759.1,83.5,2.0,31.5,-5.35,36.621059873141355,36.621059873141355,0,20
2016-01-18 10:40:00,30,0,19.6,41.09,18.1333333333333,41.7,19.79,40.59,19.1,37.9666666666667,17.89,57.6633333333333,-2.60166666666667,93.015,19.1,35.7,20.0,43.5,17.29,38.53,-2.63333333333333,759.033333333333,82.3333333333333,2.3333333333333295,34.3333333333333,-5.3333333333333295,49.63940441375598,49.63940441375598,0,30
2016-01-18 10:50:00,40,0,19.6,41.03,18.1333333333333,41.7,19.76,40.59,19.1,37.9666666666667,17.89,57.59,-2.32833333333333,93.48500000000001,19.1,35.6266666666667,19.9266666666667,43.433333333333294,17.29,38.5,-2.41666666666667,758.966666666667,81.1666666666667,2.66666666666667,37.16666666666669,-5.31666666666667,26.98946810560301,26.98946810560301,0,40
2016-01-18 11:00:00,50,0,19.6,41.045,18.2,41.6633333333333,19.7,40.59,19.1,38.045,17.89,57.5,-2.04055555555556,93.8544444444444,19.1,35.59,19.89,43.29,17.29,38.433333333333294,-2.2,758.9,80.0,3.0,40.0,-5.3,21.690088091418147,21.690088091418147,0,50
2016-01-18 11:10:00,50,0,19.6,41.1266666666667,18.2,41.59,19.7,40.7,19.1,38.09,17.8566666666667,57.363333333333294,-1.8388888888888897,94.1144444444444,19.1,35.59,19.89,43.29,17.29,38.4,-2.06666666666667,758.8166666666668,79.0,3.0,40.0,-5.3333333333333295,48.2336837099865,48.2336837099865,0,50
2016-01-18 11:20:00,40,0,19.6,41.2,18.2,41.59,19.76,40.7,19.1,38.03,17.79,57.29,-1.64333333333333,94.39722222222221,19.1,35.5,19.89,43.2,17.29,38.3266666666667,-1.93333333333333,758.733333333333,78.0,3.0,40.0,-5.36666666666667,7.41598216118291,7.41598216118291,0,40
2016-01-18 11:30:00,40,0,19.6,41.2,18.26,41.59,19.79,40.7,19.1,38.0,17.79,57.2,-1.37555555555556,94.6077777777778,19.1,35.5,19.823333333333295,43.0666666666667,17.26,38.26,-1.8,758.65,77.0,3.0,40.0,-5.4,3.324652789160609,3.324652789160609,0,40
2016-01-18 11:40:00,50,0,19.6,41.2,18.23,41.53,19.79,40.7,19.1,38.0,17.79,57.1266666666667,-1.16,94.745,19.033333333333296,35.3266666666667,19.8566666666667,43.06,17.2,38.2,-1.66666666666667,758.5666666666668,76.0,3.0,40.0,-5.43333333333333,1.21257440187037,1.21257440187037,0,50
2016-01-18 11:50:00,40,0,19.6,41.23,18.29,41.59,19.79,40.7,19.066666666666695,37.9666666666667,17.79,57.0675,-1.05555555555556,94.7444444444444,19.1,35.4,19.79,42.933333333333294,17.29,38.29,-1.53333333333333,758.483333333333,75.0,3.0,40.0,-5.46666666666667,30.62116209184751,30.62116209184751,0,40
2016-01-18 12:00:00,40,0,19.533333333333296,41.29,18.29,41.59,19.79,40.7,19.066666666666695,38.0266666666667,17.79,57.0,-0.8444444444444439,94.85444444444448,19.0,35.26,19.79,42.9,17.23,38.23,-1.4,758.4,74.0,3.0,40.0,-5.5,34.83043740270659,34.83043740270659,0,40
2016-01-18 12:10:00,50,0,19.5,41.29,18.29,41.53,19.79,40.7,19.033333333333296,38.0666666666667,17.76,56.9666666666667,-0.705555555555555,94.865,19.0,35.2,19.79,42.9,17.29,38.29,-1.35,758.2999999999998,73.6666666666667,3.0,40.0,-5.51666666666667,40.05709436023608,40.05709436023608,0,50
2016-01-18 12:20:00,40,0,19.5,41.29,18.29,41.5,19.79,40.7,19.033333333333296,38.1266666666667,17.76,56.9,-0.6333333333333329,94.66777777777779,19.1,35.26,19.79,42.863333333333294,17.2,38.2,-1.3,758.2,73.3333333333333,3.0,40.0,-5.53333333333333,6.886514194775373,6.886514194775373,0,40
2016-01-18 12:30:00,50,0,19.5,41.29,18.29,41.5,19.73,40.7,19.0,38.09,17.79,56.79,-0.5,94.7961111111111,19.033333333333296,35.1266666666667,19.79,42.79,17.26,38.26,-1.25,758.1,73.0,3.0,40.0,-5.55,7.989241136237979,7.989241136237979,0,50
2016-01-18 12:40:00,40,0,19.5,41.29,18.29,41.5,19.79,40.7,19.0,38.1633333333333,17.73,56.73,-0.3611111111111109,94.9,19.0,35.045,19.79,42.73,17.29,38.29,-1.2,758.0,72.6666666666667,3.0,40.0,-5.56666666666667,49.44167964858934,49.44167964858934,0,40
2016-01-18 12:50:00,20,0,19.5,41.29,18.29,41.5,19.79,40.7,19.0,38.2,17.76,56.6633333333333,-0.2666666666666669,95.0438888888889,19.0,34.9666666666667,19.73,42.73,17.23,38.23,-1.15,757.9,72.3333333333333,3.0,40.0,-5.5833333333333295,19.93228477658704,19.93228477658704,0,20
2016-01-18 13:00:00,20,0,19.5,41.29,18.29,41.5,19.79,40.7,19.0,38.2,17.7,56.59,-0.1055555555555559,95.17888888888889,19.0,34.9,19.79,42.6633333333333,17.23,38.2,-1.1,757.7999999999998,72.0,3.0,40.0,-5.6,9.39559080870822,9.39559080870822,0,20
2016-01-18 13:10:00,30,0,19.5,41.4,18.245,41.45,19.745,40.7,19.0,38.2,17.7,56.5,0.0388888888888889,95.25722222222221,19.0,34.8266666666667,19.745,42.645,17.23,38.1266666666667,-1.01666666666667,757.716666666667,71.6666666666667,3.0,40.0,-5.5833333333333295,23.886412056162957,23.886412056162957,0,30
2016-01-18 13:20:00,40,0,19.5,41.4,18.29,41.5,19.7,40.7,19.0,38.2,17.7,56.5,0.1499999999999999,95.3277777777778,19.0,34.8266666666667,19.7,42.59,17.29,38.09,-0.933333333333333,757.6333333333331,71.3333333333333,3.0,40.0,-5.56666666666667,27.211701136548072,27.211701136548072,0,40
2016-01-18 13:30:00,50,0,19.39,41.29,18.23,41.433333333333294,19.7,40.7,19.0,38.23,17.7,56.4,0.2999999999999999,95.5033333333333,19.0,34.79,19.7,42.59,17.29,38.09,-0.85,757.5499999999998,71.0,3.0,40.0,-5.55,16.40789903467521,16.40789903467521,0,50
2016-01-18 13:40:00,50,0,19.39,41.29,18.29,41.5,19.7,40.7,18.9266666666667,38.29,17.7,56.3266666666667,0.3777777777777779,95.47222222222221,19.0,34.73,19.7,42.53,17.2,38.0,-0.766666666666667,757.466666666667,70.6666666666667,3.0,40.0,-5.53333333333333,49.9965296825394,49.9965296825394,0,50
2016-01-18 13:50:00,50,0,19.463333333333296,41.363333333333294,18.2,41.4,19.7,40.7,18.89,38.29,17.7,56.29,0.466666666666667,95.4222222222222,19.0,34.6266666666667,19.7,42.5,17.26,38.0,-0.683333333333333,757.3833333333331,70.3333333333333,3.0,40.0,-5.51666666666667,26.38909179950133,26.38909179950133,0,50
2016-01-18 14:00:00,40,0,19.39,41.29,18.26,41.4666666666667,19.7,40.7,18.89,38.29,17.6333333333333,56.1566666666667,0.5666666666666669,95.3722222222222,19.0,34.645,19.7,42.433333333333294,17.29,38.0,-0.6,757.2999999999998,70.0,3.0,40.0,-5.5,6.686725409235804,6.686725409235804,0,40
2016-01-18 14:10:00,40,0,19.39,41.29,18.29,41.5,19.7,40.7,18.89,38.29,17.66,56.09,0.6611111111111109,95.4222222222222,19.0,34.56,19.7,42.4,17.29,38.0,-0.566666666666667,757.25,69.5,3.0,38.16666666666669,-5.55,21.927003387827423,21.927003387827423,0,40
2016-01-18 14:20:00,40,0,19.39,41.345,18.29,41.5,19.7,40.7,18.89,38.29,17.625,55.9975,0.6999999999999998,95.525,19.0,34.5675,19.7,42.4,17.2,37.9,-0.533333333333333,757.2,69.0,3.0,36.33333333333329,-5.6,31.039696990046647,31.039696990046647,0,40
2016-01-18 14:30:00,40,0,19.39,41.363333333333294,18.29,41.5,19.7,40.7,18.89,38.29,17.6666666666667,55.9666666666667,0.7833333333333329,95.6566666666667,19.0,34.7,19.625,42.3175,17.2,37.9,-0.5,757.15,68.5,3.0,34.5,-5.65,10.145620605908334,10.145620605908334,0,40
2016-01-18 14:40:00,40,0,19.39,41.363333333333294,18.29,41.5,19.7,40.7,18.89,38.29,17.6,55.9,0.7888888888888889,95.59,19.0,34.76,19.675,42.3725,17.2,37.9,-0.46666666666666706,757.1,68.0,3.0,32.66666666666669,-5.7,6.708488636650145,6.708488636650145,0,40
2016-01-18 14:50:00,50,0,19.39,41.363333333333294,18.26,41.5,19.7,40.7,18.89,38.363333333333294,17.6,55.845,0.805555555555556,95.7083333333333,19.0,34.7,19.6,42.2,17.2,37.9,-0.43333333333333296,757.0499999999998,67.5,3.0,30.8333333333333,-5.75,38.84169990196824,38.84169990196824,0,50
2016-01-18 15:00:00,50,0,19.29,41.4,18.2,41.5,19.7,40.7,18.89,38.29,17.6,55.7675,0.866666666666667,95.8777777777778,19.0,34.7,19.65,42.1725,17.2,37.79,-0.4,757.0,67.0,3.0,29.0,-5.8,31.79749243427068,31.79749243427068,0,50
2016-01-18 15:10:00,30,0,19.3566666666667,41.4,18.2,41.4,19.7,40.7,18.89,38.29,17.6,55.7,0.888888888888889,96.01333333333329,19.0,34.7,19.6,42.09,17.2,37.79,-0.416666666666667,756.966666666667,67.5,2.8333333333333295,30.8333333333333,-5.73333333333333,14.106814831029624,14.106814831029624,0,30
2016-01-18 15:20:00,20,0,19.29,41.4,18.2,41.4,19.7,40.6633333333333,18.8566666666667,38.363333333333294,17.6,55.6725,0.9,96.01,19.0,34.7,19.6,42.0,17.2,37.79,-0.43333333333333296,756.9333333333329,68.0,2.66666666666667,32.66666666666669,-5.66666666666667,9.562972804997116,9.562972804997116,0,20
2016-01-18 15:30:00,30,0,19.29,41.4,18.2,41.4,19.7,40.6633333333333,18.79,38.29,17.6,55.59,0.894444444444444,95.97777777777779,19.0,34.7,19.6,41.933333333333294,17.2,37.79,-0.45,756.9,68.5,2.5,34.5,-5.6,13.276835996657608,13.276835996657608,0,30
2016-01-18 15:40:00,30,0,19.323333333333295,41.4,18.2,41.4,19.6,40.59,18.79,38.29,17.575,55.5675,0.7833333333333329,95.75611111111107,19.0,34.6633333333333,19.6,41.863333333333294,17.2,37.79,-0.46666666666666706,756.866666666667,69.0,2.3333333333333295,36.33333333333329,-5.53333333333333,26.54043964575976,26.54043964575976,0,30
2016-01-18 15:50:00,40,0,19.323333333333295,41.4,18.2,41.4,19.6,40.59,18.79,38.23,17.5,55.4666666666667,0.6333333333333329,95.54428571428569,19.0,34.59,19.6,41.79,17.2,37.7,-0.48333333333333295,756.8333333333329,69.5,2.16666666666667,38.16666666666669,-5.46666666666667,34.24304520012811,34.24304520012811,0,40
2016-01-18 16:00:00,50,0,19.29,41.4,18.2,41.4,19.566666666666695,40.59,18.79,38.2,17.5,55.384285714285696,0.4952380952380949,95.46619047619049,18.963333333333296,34.4846666666667,19.6,41.79,17.2,37.7,-0.5,756.7999999999998,70.0,2.0,40.0,-5.4,19.16416968451813,19.16416968451813,0,50
2016-01-18 16:10:00,50,0,19.29,41.4,18.2,41.4,19.55,40.6725,18.79,38.2,17.5,55.3266666666667,0.388888888888889,95.2022222222222,18.9022222222222,34.3327777777778,19.6,41.79,17.2,37.59,-0.616666666666667,756.766666666667,72.0,2.0,38.16666666666669,-5.16666666666667,47.74939991766586,47.74939991766586,0,50
2016-01-18 16:20:00,50,0,19.29,41.29,18.175,41.475,19.566666666666695,40.7,18.7,38.1633333333333,17.5,55.2346153846154,0.2277777777777779,94.99,18.908333333333296,34.29,19.6,41.824375,17.2,37.59,-0.733333333333333,756.733333333333,74.0,2.0,36.33333333333329,-4.93333333333333,5.91782903065905,5.91782903065905,0,50
2016-01-18 16:30:00,40,0,19.29,41.29,18.1,41.5,19.6,40.59,18.7,38.09,17.5,55.2,0.0,94.6272222222222,18.89,34.29,19.5636363636364,41.86,17.1,37.5,-0.85,756.7,76.0,2.0,34.5,-4.7,1.955002767499536,1.955002767499536,0,40
2016-01-18 16:40:00,40,0,19.29,41.29,18.1,41.56,19.6,40.59,18.7,38.0,17.5,55.1755555555556,-0.2277777777777779,94.16722222222221,18.89,34.29,19.525,41.8725,17.1,37.5,-0.966666666666667,756.6666666666669,78.0,2.0,32.66666666666669,-4.46666666666667,25.22525164531544,25.22525164531544,0,40
2016-01-18 16:50:00,50,0,19.29,41.29,18.1,41.56,19.566666666666695,40.6266666666667,18.7,38.06,17.5,55.09,-0.4722222222222219,93.6905555555556,18.89,34.29,19.5,41.9,17.1,37.4,-1.08333333333333,756.6333333333331,80.0,2.0,30.8333333333333,-4.23333333333333,28.924127761274576,28.924127761274576,0,50
2016-01-18 17:00:00,40,0,19.2,41.2,18.066666666666695,41.56,19.5,40.7,18.7,38.09,17.39,55.0,-0.677777777777778,93.2227777777778,18.823333333333295,34.3633333333333,19.5,41.9,17.1,37.4,-1.2,756.6,82.0,2.0,29.0,-4.0,41.96519539691508,41.96519539691508,0,40
2016-01-18 17:10:00,40,0,19.2,41.2,18.0,41.5,19.5,40.7,18.6333333333333,38.03,17.4266666666667,54.9666666666667,-1.02666666666667,91.05388888888889,18.79,34.3371428571429,19.445,41.845,17.1,37.29,-1.33333333333333,756.6,82.8333333333333,2.16666666666667,28.166666666666696,-3.9833333333333294,32.72224876563996,32.72224876563996,0,40
2016-01-18 17:20:00,40,0,19.2,41.2,18.0,41.5,19.5,40.7,18.6,38.045,17.39,54.79,-1.43,89.29,18.79,34.4,19.434,41.834,17.1,37.29,-1.46666666666667,756.6,83.6666666666667,2.3333333333333295,27.3333333333333,-3.9666666666666694,47.226416994817555,47.226416994817555,0,40
2016-01-18 17:30:00,40,0,19.2,41.2,17.9266666666667,41.5,19.5,40.7,18.6,38.09,17.42,54.79,-1.69722222222222,88.9388888888889,18.79,34.4,19.39,41.75,17.0666666666667,37.26,-1.6,756.6,84.5,2.5,26.5,-3.95,25.58288148138672,25.58288148138672,0,40
2016-01-18 17:40:00,20,0,19.1333333333333,41.1266666666667,17.89,41.53,19.5,40.7,18.6,38.09,17.39,54.7,-1.86277777777778,88.8494444444444,18.754,34.4,19.39,41.7,17.0,37.2,-1.73333333333333,756.6,85.3333333333333,2.66666666666667,25.666666666666696,-3.9333333333333296,4.246052959933877,4.246052959933877,0,20
2016-01-18 17:50:00,30,0,19.1,41.1266666666667,17.89,41.59,19.5,40.6633333333333,18.566666666666695,38.1633333333333,17.39,54.678,-1.99888888888889,88.81333333333329,18.7,34.4,19.39,41.7,17.0666666666667,37.2,-1.86666666666667,756.6,86.1666666666667,2.8333333333333295,24.8333333333333,-3.9166666666666705,49.7385254711844,49.7385254711844,0,30
2016-01-18 18:00:00,30,10,19.1,41.1266666666667,17.89,41.59,19.4266666666667,40.53,18.5,38.09,17.39,54.59,-2.01,89.59166666666668,18.7,34.4,19.3566666666667,41.7,17.0,37.1175,-2.0,756.6,87.0,3.0,24.0,-3.9,20.072205993346866,20.072205993346866,0,30
2016-01-18 18:10:00,70,10,19.1,41.2,17.8233333333333,41.53,19.39,40.4,18.5,38.1266666666667,17.39,54.59,-2.0,90.1433333333333,18.7,34.5,19.29,41.7,17.0,37.09,-2.0833333333333295,756.6,86.3333333333333,3.0,24.0,-4.0833333333333295,44.78231483371928,44.78231483371928,0,70
2016-01-18 18:20:00,230,10,19.1,41.0,17.79,41.56,19.39,40.3266666666667,18.5,38.2,17.39,54.5675,-2.035,90.4466666666667,18.7,34.5,19.315,42.0225,17.0,37.1266666666667,-2.16666666666667,756.6,85.6666666666667,3.0,24.0,-4.26666666666667,43.84292060276493,43.84292060276493,0,230
2016-01-18 18:30:00,660,10,19.1,40.933333333333294,17.79,41.433333333333294,19.3566666666667,40.2,18.463333333333296,38.1633333333333,17.34,54.5,-2.155,90.7383333333333,18.6,34.59,19.412,42.196,17.0,37.2,-2.25,756.6,85.0,3.0,24.0,-4.45,14.824239898007365,14.824239898007365,0,660
2016-01-18 18:40:00,510,0,19.1,41.0,17.79,41.463333333333296,19.29,40.26,18.39,38.1633333333333,17.29,54.5,-2.2911111111111095,90.71111111111107,18.6,34.59,19.566666666666695,42.4666666666667,17.0,37.29,-2.3333333333333295,756.6,84.3333333333333,3.0,24.0,-4.633333333333329,6.629595486447215,6.629595486447215,0,510
2016-01-18 18:50:00,300,10,19.1,41.19333333333329,17.79,41.59,19.29,40.23,18.39,38.2,17.29,54.433333333333294,-2.3988888888888895,90.58111111111107,18.6,34.7,19.73,42.8266666666667,17.0,37.29,-2.41666666666667,756.6,83.6666666666667,3.0,24.0,-4.81666666666667,13.295545382425187,13.295545382425187,0,300
2016-01-18 19:00:00,300,20,19.1,41.4666666666667,17.9266666666667,41.86,19.29,40.29,18.39,38.2,17.29,54.4,-2.52944444444444,90.2661111111111,18.533333333333296,34.7,19.865,43.0425,16.9633333333333,37.29,-2.5,756.6,83.0,3.0,24.0,-5.0,0.2863771398551762,0.2863771398551762,0,300
2016-01-18 19:10:00,350,10,19.23,41.5666666666667,18.066666666666695,42.06,19.39,40.2,18.3566666666667,38.3266666666667,17.29,54.4,-2.66944444444444,89.9861111111111,18.6,34.79,19.9266666666667,43.2666666666667,16.89,37.29,-2.5,756.65,82.1666666666667,3.0,24.5,-5.133333333333329,40.980091074015945,40.980091074015945,0,350
2016-01-18 19:20:00,90,10,19.3566666666667,41.96,18.1333333333333,41.933333333333294,19.39,40.05,18.29,38.4,17.29,54.33,-2.7,90.1511111111111,18.5166666666667,34.8816666666667,20.0375,43.485,16.89,37.29,-2.5,756.7,81.3333333333333,3.0,25.0,-5.26666666666667,8.733083948027343,8.733083948027343,0,90
2016-01-18 19:30:00,100,0,19.6966666666667,42.723333333333294,18.2925,42.27,19.53,40.1333333333333,18.29,38.433333333333294,17.29,54.29,-2.745,90.0172222222222,18.5,34.8725,20.0181818181818,43.3781818181818,16.89,37.29,-2.5,756.75,80.5,3.0,25.5,-5.4,42.154027603100985,42.154027603100985,0,100
2016-01-18 19:40:00,130,10,19.963333333333296,42.53,18.463333333333296,42.6333333333333,19.6333333333333,40.33,18.29,38.5,17.3727272727273,56.9009090909091,-2.85722222222222,89.8611111111111,18.48,34.88,19.9725,43.333125,16.89,37.3,-2.5,756.7999999999998,79.6666666666667,3.0,26.0,-5.53333333333333,8.335608337074518,8.335608337074518,0,130
2016-01-18 19:50:00,200,0,20.1,42.1,18.7,42.4666666666667,19.7,40.59,18.29,38.5,17.9507692307692,72.87153846153849,-2.93333333333333,89.8722222222222,18.48,34.88,20.027272727272695,43.74545454545449,16.9633333333333,37.9666666666667,-2.5,756.85,78.8333333333333,3.0,26.5,-5.66666666666667,38.20097175193951,38.20097175193951,0,200
2016-01-18 20:00:00,480,0,20.1,41.8266666666667,18.76,42.5266666666667,19.7,40.59,18.29,38.5,18.0,70.1975,-2.97222222222222,89.72777777777779,18.5,34.8555555555556,20.1333333333333,43.83,17.0,39.36,-2.5,756.9,78.0,3.0,27.0,-5.8,25.94690436962992,25.94690436962992,0,480
2016-01-18 20:10:00,430,10,20.1333333333333,41.9,18.9266666666667,42.7966666666667,19.76,40.9966666666667,18.26,38.43,18.3,72.745,-3.03,89.6744444444444,18.3771428571429,34.1257142857143,20.1857142857143,43.2771428571429,17.0666666666667,40.1,-2.5833333333333295,756.8833333333331,78.8333333333333,2.8333333333333295,26.5,-5.75,13.63426516763866,13.63426516763866,0,430
2016-01-18 20:20:00,630,10,20.2,41.69333333333329,19.066666666666695,42.53,20.066666666666695,42.7333333333333,18.2,38.2225,19.623333333333296,84.96666666666668,-3.06,89.9105555555556,18.29,33.49,20.1333333333333,42.93,17.0666666666667,39.863333333333294,-2.66666666666667,756.866666666667,79.6666666666667,2.66666666666667,26.0,-5.7,17.160156788304448,17.160156788304448,0,630
2016-01-18 20:30:00,600,10,20.29,41.363333333333294,19.2,41.9233333333333,20.3266666666667,43.8,18.4,38.7333333333333,19.0233333333333,86.5666666666667,-3.06,90.0461111111111,18.29,33.1566666666667,20.1333333333333,43.2,17.0,39.39,-2.75,756.85,80.5,2.5,25.5,-5.65,35.25376700563356,35.25376700563356,0,600
2016-01-18 20:40:00,470,20,20.365,40.8925,19.26,41.39,20.566666666666695,44.39,19.0233333333333,38.9666666666667,18.575,86.875,-3.12777777777778,89.455,18.26,32.7966666666667,20.2,43.08,17.0,38.9,-2.8333333333333295,756.8333333333329,81.3333333333333,2.3333333333333295,25.0,-5.6,29.57676505902782,29.57676505902782,0,470
2016-01-18 20:50:00,740,10,20.463333333333296,40.7666666666667,19.39,41.06,20.76,46.05666666666671,19.496666666666705,38.69333333333329,18.4266666666667,86.4644444444445,-3.21,89.2366666666667,18.2,32.4228571428571,20.2257142857143,42.729285714285695,16.9266666666667,38.3666666666667,-2.91666666666667,756.8166666666668,82.1666666666667,2.16666666666667,24.5,-5.55,23.46895188093185,23.46895188093185,0,740
2016-01-18 21:00:00,600,0,20.5,40.7,19.463333333333296,40.933333333333294,20.79,46.83333333333329,20.13,38.1,18.31,85.45399999999998,-3.3216666666666694,88.745,18.2,32.2228571428571,20.2,42.59,16.89,38.09,-3.0,756.7999999999998,83.0,2.0,24.0,-5.5,16.818830277770758,16.818830277770758,0,600
2016-01-18 21:10:00,560,10,20.566666666666695,40.6266666666667,19.5,40.6333333333333,20.93,46.6266666666667,20.5966666666667,37.69333333333329,18.29,84.2666666666667,-3.45666666666667,87.905,18.2,31.963333333333296,20.33,42.58,16.89,37.87,-3.16666666666667,756.766666666667,83.5,2.0,23.3333333333333,-5.6,48.39187143370509,48.39187143370509,0,560
2016-01-18 21:20:00,440,20,20.6,40.4,19.566666666666695,40.433333333333294,21.1333333333333,46.1233333333333,21.0966666666667,37.363333333333294,18.23,83.32666666666668,-3.67222222222222,86.80944444444438,18.1333333333333,31.823333333333295,20.39,42.1333333333333,16.8233333333333,37.39,-3.3333333333333295,756.733333333333,84.0,2.0,22.666666666666696,-5.7,32.29209418641403,32.29209418641403,0,440
2016-01-18 21:30:00,280,10,20.6666666666667,40.2666666666667,19.6,40.0266666666667,21.26,45.3966666666667,21.496666666666705,37.09666666666671,18.1666666666667,82.29,-3.89722222222222,85.87388888888891,18.1,31.6333333333333,20.323333333333295,42.1333333333333,16.8566666666667,37.1,-3.5,756.7,84.5,2.0,22.0,-5.8,9.815058461390436,9.815058461390436,0,280
2016-01-18 21:40:00,110,20,20.73,39.6333333333333,19.6727272727273,39.6381818181818,21.1333333333333,44.13,21.79,37.09,18.0545454545455,80.15363636363638,-4.015,86.0055555555556,18.1,31.393333333333295,20.34,42.02833333333329,16.79,36.7666666666667,-3.6666666666666705,756.6666666666669,85.0,2.0,21.3333333333333,-5.9,17.8590192575939,17.8590192575939,0,110
2016-01-18 21:50:00,80,10,20.79,39.36,19.7,39.1966666666667,20.9266666666667,43.33,21.73,36.83,18.0,78.3191666666667,-4.07,86.2572222222222,18.0111111111111,31.1655555555556,20.29,41.8266666666667,16.8233333333333,37.1333333333333,-3.8333333333333295,756.6333333333331,85.5,2.0,20.666666666666696,-6.0,25.650904106441885,25.650904106441885,0,80
2016-01-18 22:00:00,70,20,20.76,38.7966666666667,19.7,38.6333333333333,20.79,42.5633333333333,21.43,36.6333333333333,17.89,75.4333333333333,-4.19388888888889,85.6222222222222,18.0,31.033333333333296,20.29,41.8266666666667,16.89,38.33333333333329,-4.0,756.6,86.0,2.0,20.0,-6.1,44.14983702590689,44.14983702590689,0,70
2016-01-18 22:10:00,50,10,20.76,38.463333333333296,19.7,38.36166666666671,20.73,42.03,21.23,36.36,17.89,73.2266666666667,-4.4,84.61222222222221,18.0,30.89,20.29,41.9,17.0,39.09666666666671,-4.15,756.6,86.3333333333333,1.8333333333333297,27.3333333333333,-6.18333333333333,7.633378263562917,7.633378263562917,0,50
2016-01-18 22:20:00,50,10,20.76,38.29,19.7,38.23,20.6,41.7,21.066666666666695,36.6266666666667,17.85,71.174,-4.54666666666667,84.2544444444444,18.0,31.31,20.2,42.03,17.0666666666667,39.43,-4.3,756.6,86.6666666666667,1.66666666666667,34.66666666666669,-6.26666666666667,11.523079872131348,11.523079872131348,0,50
2016-01-18 22:30:00,60,20,20.7,38.29,19.7,38.36,20.525,41.65,20.9266666666667,36.83333333333329,17.775,69.195,-4.87944444444444,82.53777777777779,18.0,31.93,20.2,42.24,17.0,39.4,-4.45,756.6,87.0,1.5,42.0,-6.35,8.149428921751678,8.149428921751678,0,60
2016-01-18 22:40:00,60,10,20.7,38.3266666666667,19.7,38.56,20.5,41.5,20.8566666666667,37.09,17.73,68.5,-5.21611111111111,81.63277777777779,18.0,32.25,20.2,42.558,17.0,39.4,-4.6,756.6,87.3333333333333,1.33333333333333,49.33333333333329,-6.43333333333333,30.717342952266332,30.717342952266332,0,60
2016-01-18 22:50:00,50,10,20.7,38.4666666666667,19.7,38.73,20.39,41.363333333333294,20.73,37.1633333333333,17.7,67.7666666666667,-5.25055555555556,82.8511111111111,18.0,32.5266666666667,20.2,42.93,17.0,39.4,-4.75,756.6,87.6666666666667,1.16666666666667,56.66666666666669,-6.51666666666667,25.08182219462469,25.08182219462469,0,50
2016-01-18 23:00:00,60,20,20.6666666666667,38.59,19.625,38.8175,20.323333333333295,41.23,20.6666666666667,37.433333333333294,17.7,67.3666666666667,-5.06388888888889,84.4333333333333,18.0,32.73,20.2,43.1266666666667,17.0,39.3266666666667,-4.9,756.6,88.0,1.0,64.0,-6.6,9.405944403260946,9.405944403260946,0,60
2016-01-18 23:10:00,50,10,20.6,38.6633333333333,19.533333333333296,38.9666666666667,20.29,41.0266666666667,20.6,37.56,17.7,66.9933333333333,-5.348888888888889,82.9338888888889,18.0,32.8633333333333,20.2,43.33333333333329,17.0,39.26,-4.8333333333333295,756.6,87.8333333333333,1.0,64.1666666666667,-6.55,20.385742629878223,20.385742629878223,0,50
2016-01-18 23:20:00,50,10,20.6,38.79,19.463333333333296,39.03,20.23,40.8266666666667,20.566666666666695,37.73,17.6333333333333,66.6,-5.54944444444444,82.4416666666667,18.0,33.09,20.2,43.53,16.9266666666667,39.2,-4.76666666666667,756.6,87.6666666666667,1.0,64.3333333333333,-6.5,29.119402344804257,29.119402344804257,0,50
2016-01-18 23:30:00,40,20,20.533333333333296,38.863333333333294,19.39,39.09,20.2,40.7,20.5,37.863333333333294,17.6,66.1828571428571,-5.6744444444444495,82.6655555555556,18.0,33.2055555555556,20.15,43.59,16.89,39.09,-4.7,756.6,87.5,1.0,64.5,-6.45,15.446453250478951,15.446453250478951,0,40
2016-01-18 23:40:00,30,10,20.5,38.933333333333294,19.3566666666667,39.1566666666667,20.1333333333333,40.6266666666667,20.39,38.0,17.6,65.813125,-5.79944444444444,82.71277777777779,18.0,33.3676470588235,20.1,43.76,16.89,39.09,-4.633333333333329,756.6,87.3333333333333,1.0,64.6666666666667,-6.4,24.04828200815245,24.04828200815245,0,30
2016-01-18 23:50:00,40,10,20.5,39.06,19.29,39.29,20.066666666666695,40.4666666666667,20.3566666666667,38.1266666666667,17.6,65.5435714285714,-5.87222222222222,82.655,18.0,33.4,20.1,43.863333333333294,16.89,39.09,-4.56666666666667,756.6,87.1666666666667,1.0,64.8333333333333,-6.35,46.96973961545154,46.96973961545154,0,40
